id,photos,architect,country,city,date_of_construction,date_start,date_end,checkYears,building_name,object_type,style
1,2,"Hundertwasser, 1928-",Australia,Sydney,1800-1899,1800,1899,99,"Strand Arcade (Sydney, N.S.W.)",arcades,
2,"3,4","Utzon, Jorn, 1918-",Australia,Sydney,1957-1973,1957,1973,16,Sydney Opera House,opera houses,
3,5,"Solari, Santino",Austria,Salzburg,1612-1628,1612,1628,16,Cathedral of Saint Rupert,cathedrals,
7,"13,14,15,16,17,18,19,20,21,22","Hildebrandt, Johann Lukas von,",Austria,Vienna,1714-1723,1714,1723,9,Belvedere Palace,palaces,
9,24,"Semper, Gottfried; Hasenauer, Karl von",Austria,Vienna,1874-1888,1874,1888,14,"Burgtheater (Vienna, Austria)",theaters,
10,"25,26,27,28,29",,Austria,Vienna,1300-1399,1300,1399,99,Cathedral of Saint Stephen,cathedrals,
11,"30,31,32,33","Hundertwasser, 1928-",Austria,Vienna,1980-1989,1980,1989,9,elderly housing,housing for the elderly,
12,"34,35","Hundertwasser, 1928-",Austria,Vienna,1980-1989,1980,1989,9,elderly housing project,housing for the elderly,
14,41,"Semper, Gottfied",Austria,Vienna,1869-1907,1869,1907,38,"Hofburg (Vienna, Austria)",palaces,
15,42,"Schmidt, Friedrich",Austria,Vienna,1872-1883,1872,1883,11,"Hofburg (Vienna, Austria)",palaces,
18,46,"Fischer von Erlach, Johann Bernard,",Austria,Vienna,1716-1739,1716,1739,23,Karlkirche,buildings,
19,"47,48,49,50,51","Hundertwasser, 1928-",Austria,Vienna,1980-1989,1980,1989,9,Kunst Haus Wien,museums,
20,52,"Wagner, Otto, 1841-1918",Austria,Vienna,1898-1899,1898,1899,1,Majolica House,houses,
22,54,"von Foerster, Ludwig and Hansen, Theophil",Austria,Vienna,1850-1856,1850,1856,6,Military Historical Museum,museums,
24,56,"Hansen, Theophil",Austria,Vienna,1873-1883,1873,1883,10,Parlament,buildings; fountains,
25,57,"Wagner, Otto, 1841-1918",Austria,Vienna,1904-1906,1904,1906,2,Post Office Savings Bank,banks (buildings),
26,"58,59,60,61,62,63,64,65","Fischer von Erlach, Johann Bernard,",Austria,Vienna,1696-1730,1696,1730,34,"Schonbrunn (Vienna, Austria)",buildings,
27,"66,67,68","Olbrich, Joseph Maria, 1867-1908",Austria,Vienna,1897-1898,1897,1898,1,Secession Exhibition Building,exhibition buildings,
29,"70,71","von Ferstel, Heinrich",Austria,Vienna,1856-1879,1856,1879,23,"Votivkirche (Vienna, Austria)",churches,
41,"95,97,98,100",,Cambodia,Angkor (extinct city),1113-1150,1113,1150,37,Angkor Wat,temples,
42,96,,Cambodia,Angkor (Extinct city),1113-1150,1113,1150,37,Angkor Wat,temples,
43,99,Jayavarman VII,Cambodia,Angkor Thom,1181-1220,1181,1220,39,The Bayon,temples,
46,103,,China,Ch°èuan-chou,1900-1999,1900,1999,99,Ch°èuan-chou market,markets (buildings),
47,104,,China,Ch°èuan-chou,1900-1999,1900,1999,99,Quanzhou city view,cities,
50,108,,China,,1980-1989,1980,1989,9,private houses in a village in Gansu Province,houses,
59,128,,China,Tun-huang  (Dunhuang),893-894,893,894,1,Tun-huang  (Dunhuang) Caves (China),caves,
61,131,,China,Tun-huang  (Dunhuang),1900-1929,1900,1929,29,Tun-huang  (Dunhuang) Caves (China),stupas; caves,
66,"139,140",,China,Tun-huang  (Dunhuang),420-479,420,479,59,Stupa near Mogao Caves,stupas; caves,
74,152,,China,Tun-huang  (Dunhuang),618-907,618,907,289,Garrison and tower on the road to Anxi,garrisons; towers,
76,156,,China,Sha-shih,1980-1989,1980,1989,9,Sha-shih Doctor's dormitory,dormitories,
79,159,,China,Chiang-yin shih,1980-1989,1980,1989,9,Chiang-yin shih Houses and offices,houses; offices,
80,160,,China,Chiang-yin shih,1980-1989,1980,1989,9,Chiang-yin shih Private homes,houses,
81,"161,162,163",,China,Chiang-yin shih,1980-1989,1980,1989,9,private house,,
82,164,,China,Su-chou shih,1600-1699,1600,1699,99,garden,,
83,"165,166",,China,Su-chou shih,1600-1699,1600,1699,99,garden pavilion,,
84,"167,168",,China,Su-chou shih,1700-1799,1700,1799,99,Liu Garden,garden,
85,"169,170,171",,China,Su-chou shih,1600-1699,1600,1699,99,Liu Garden,,
86,172,,China,Su-chou shih,1700-1799,1700,1799,99,Wangshi Garden,garden,
87,173,,China,Su-chou shih,1200-1299,1200,1299,99,Wangshi Garden,garden,
89,175,,China,Peking,1770-1799,1770,1799,29,Forbidden City,hall,
90,176,,China,Peking,1400-1499,1400,1499,99,Forbidden City,,
91,"177,178,179",,China,Peking,1400-1429,1400,1429,29,Forbidden City,gate,
95,"184,185,186,187,188,190,191,192",,China,Peking,1400-1499,1400,1499,99,"Forbidden City (Peking, China)",imperial palaces,
96,189,,China,Peking,1400-1499,1400,1499,99,"Forbidden Palace (Peking, China)",imperial palaces,
101,"214,215,216,217",,China,Peking,1400-1499,1400,1499,99,T'ien T'an,temples,
102,218,,China,Chengdu,1800-1899,1800,1899,99,Mt. Qing Cheng pavilion,pavilions,
103,219,,China,T°ai-yèuan shih,1500-1599,1500,1599,99,Shuang-la Temple,temples; pagodas (buildings),
113,241,,China,Xi'an,1368-1644,1368,1644,276,Xi'an pagoda,pagodas (buildings),
115,243,,China,Xi'an,1370-1373,1370,1373,3,Nan Men,gates,
116,"244,246,247",,China,Renhe County,1980-1989,1980,1989,9,Sichuan private house,houses,
118,248,,China,Renhe County,1980-1989,1980,1989,9,Sichuan private houses,houses,
119,249,,China,Renhe County,1950-1959,1950,1959,9,Sichuan school,schools,
123,254,,China,Hsin-tu hsien,1980-1989,1980,1989,9,Sichuan apartment blocks,apartment houses,
124,255,,China,Hsin-tu hsien,1980-1989,1980,1989,9,Communist Party Headquarters,buildings,
125,256,,China,Yanbian County,1970-1979,1970,1979,9,Sichuan private house,houses,
126,"257,258,259,260,261,262,263,264,265,266",,China,Yanyuan County,1990-1999,1990,1999,9,Sichuan private house,houses; courtyards,
130,270,,China,Turpan,1980-1989,1980,1989,9,Turpan private house and raisin shed,houses; sheds,
131,271,,China,Urumchi,1980-1989,1980,1989,9,Islamic college,colleges,
132,272,,China,,1970-1979,1970,1979,9,Lunan private houses,,
133,273,,China,,1970-1989,1970,1989,19,Lunan private houses,,
138,"280,281,283,284,285,286,287,288","Mies van der Rohe, Ludwig,  1886-1969",Czech Republic,Brno,1928-1930,1928,1930,2,"Tugendhat House (Brno, Czech Republic)",houses,
143,"298,300","Santini, Johann Aichel",Czech Republic,Plzen,1712-1716,1712,1716,4,Klaster kladrubsky,churches; abbeys; abbey churches; Benedictine; monasteries; ribs; vaults (structural elements),
144,299,"Santini, Johann Aichel",Czech Republic,Kladruby,1712-1716,1712,1716,4,Klaster kladrubsky,churches; abbeys; abbey churches; Benedictine; monasteries; vaults (structural elements); ribs,
148,"304,305,306",,Czech Republic,Prague,1300-1399,1300,1399,99,"Kostel sv. Jakuba (Prague, Czechoslovakia)",cathedrals,
150,"308,309","Parler, Peter,",Czech Republic,Prague,1300-1399,1300,1399,99,"Katedrala sv. Vita (Prague, Czech Republic)",chapels; cathedrals,
152,311,"Dietzenhofer, Kilian ; Saloun, Ladislav",Czech Republic,Prague,1730-1739,1730,1739,9,Church of Saint Nicholas,churches ; monuments,
153,312,,Czech Republic,Prague,1570-1579,1570,1579,9,Dome of Church of the Holy Savior,churches; domes,
160,"319,320",,Czech Republic,Prague,1906-1912,1906,1912,6,Municipal House,buildings,
161,321,"Schulz, Josef ;  Zitek, Josef,",Czech Republic,Prague,1881-1883,1881,1883,2,National Theater,theaters,
185,"361,362,363",,Czech Republic,Telc,1500-1599,1500,1599,99,Telc burgher's house,houses; walls; decorations,
186,364,,Czech Republic,Telc,1300-1399,1300,1399,99,Telc castle,castles,
192,372,"Santini, Johann Aichel",Czech Republic,Zdar,1720-1722,1720,1722,2,Chapel of SaintJohn Nepomucky,chapels,
193,"373,374,375","Santini, Johann Aichel",Czech Republic,Zdar,1720-1722,1720,1722,2,Chapel of Saint John Nepomucky,chapels,
210,"428,429,430,431,432,433,434,435,436,437,438,439,440,441,442,443","Stirling, James Frazer",England,Leicester,1960-1963,1960,1963,3,University of Leicester Engineering Building,colleges; entrances,
211,444,"Butterfield, William",England,London,1849-1861,1849,1861,12,All Saints Church,churches,
212,"445,447,448,449,450,451","Butterfield, William",England,London,1849-1859,1849,1859,10,All Saints Church,churches,
213,446,"Butterfield, William",England,London,1849-1860,1849,1860,11,All Saints Church,churches,
221,465,"Gibbs, James,",England,London,1722-1726,1722,1726,4,"St. Martin-in-the-Fields (Church : Westminster, London, England)",churches,
222,"466,467,469,470,471,472,473,474,475","Scott, George Gilbert  Sir, 1811-1878",United Kingdom,London,1863-1865,1863,1865,2,St Pancras Railway Station,Railroad stations; Hotels,Victorian gothic
223,468,"Scott, George Gilbert, Sir",England,London,1863-1865,1863,1865,2,Saint Pancras Rail Station and Grand Hotel,railroad stations,
224,"476,478,479","Wren, Christopher,  Sir,",England,London,1675-1710,1675,1710,35,Saint Paul's Cathedral,churches; cathedrals,
225,477,"Wren, Christopher,  Sir,",England,London,1675-1710,1675,1710,35,"St. Paul's Cathedral (London, England)",churches; cathedrals,
226,480,"Wren, Christopher, Sir,",England,London,1672-87,1672,1687.0,15.0,Saint Stephen,churches,
227,481,"Wren, Christopher,  Sir,",England,London,1670-1683,1670,1683,13,Saint Mary-le-Bow,churches,
246,517,,Finland,Hamina,1800-1899,1800,1899,99,Hamina school building,schools,
279,"566,567,568,569,570,571",,France,Amiens,1220-1236,1220,1236,16,Cathedrale d'Amiens,cathedrals; pictorial drawings; sections; plans (drawings),
280,"572,573,574,575","Ledoux, Claude Nicolas,",France,Arc-et-Senans,1775-1779,1775,1779,4,Saltworks,saltworks,
288,"591,592,593,594,595,596,597,598,599",,France,Chartres,1194-1260,1194,1260,66,Cathedrale de Chartres,cathedrals,
292,"609,616,617",,France,Conques,1050-1122,1050,1122,72,Sainte-Foy de Conques (Church),churches; pilgrimage churches,
293,"610,611,612,613,614",,France,Conques,1050-1120,1050,1120,70,Sainte-Foy de Conques (Church),churches; portals; pilgrimage churches,
294,615,,France,Conques,1050-1122,1050,1122,72,"Ste. Foy, Church of",pilgrimage churches; churches,
295,"618,619,620,621,622,623","Le Corbusier, 1887-1965",France,Eveux-sur-l'Arbresle,1953-1957,1953,1957,4,La Tourette Monastery,monasteries,
305,"649,650,651,652,653,654,655,656,657,658,659,660,661,662","Le Corbusier, 1887-1965",France,Marseille,1947-1953,1947,1953,6,"Unite d'habitation (Marseille, France)",apartment houses; pilotis,
309,675,,France,Nimes,1-99,1,99,98,Nimes colosseum,arenas,
322,703,"Chalgrin, Jean-Francois-Therese,",France,Paris,1806-1836,1806,1836,30,"Arc de Triomphe (Paris, France)",arches,
323,704,"Perrault, Dominique",France,Paris,1992-1996,1992,1996,4,Bibliotheque de France,libraries (buildings),
325,707,"Boileau, L.C.",France,Paris,1867-1883,1867,1883,16,"Au Bon Marche (Paris, France)",department stores; drawings,
326,708,"Boileau, L.C.",France,Paris,1867-1882,1867,1882,15,"Au Bon Marche (Paris, France)",department stores,
327,709,"Boileau, L. C.",France,Paris,1867-1876,1867,1876,9,"Au Bon Marche (Paris, France)",department stores,
328,710,"Boileau, L.C.",France,Paris,1867-1877,1867,1877,10,"Au Bon Marche (Paris, France)",department stores; plans (drawings),
329,711,"Boileau, L.C.",France,Paris,1867-1878,1867,1878,11,"Au Bon Marche (Paris, France)",department stores; cross sections,
330,712,"Boileau, L.C.",France,Paris,1867-1879,1867,1879,12,"Au Bon Marche (Paris, France)",department stores; cross sections,
331,713,"Boileau, LC.",France,Paris,1867-1880,1867,1880,13,"Au Bon Marche (Paris, France)",department stores; stairs,
332,714,"Boileau, L.C.",France,Paris,1867-1881,1867,1881,14,"Au Bon Marche (Paris, France)",department stores,
337,"719,720,721,722,723,724,725,726,727,728","Guimard, Hector, 1867-1942",France,Paris,1894-1898,1894,1898,4,"Castel Beranger (Paris, France)",apartment houses,Art Nouveau
338,"729,730,731","Piano, Renzo;  Rogers, Richard George",France,Paris,1971-1978,1971,1978,7,Centre Georges Pompidou,museums,
339,"732,733","Piano, Renzo; Rogers, Richard George",France,Paris,1974-1977,1974,1977,3,Centre Georges Pompidou,museums,
340,734,"Piano, Renzo; Rogers, Richard George",France,Paris,1971-1982,1971,1982,11,Centre Georges Pompidou,museums,
341,735,"Piano, Renzo; Rogers, Richard George",France,Paris,1971-1984,1971,1984,13,Centre Georges Pompidou,museums,
342,736,"Piano, Renzo; Rogers, Richard George",France,Paris,1971-1985,1971,1985,14,Centre Georges Pompidou,museums,
343,737,"Piano, Renzo; Rogers, Richard George",France,Paris,1971-1987,1971,1987,16,Centre Georges Pompidou,museums,
344,738,"Piano, Renzo; Rogers, Richard George",France,Paris,1971-1988,1971,1988,17,Centre Georges Pompidou,museums,
345,739,"Piano, Renzo; Rogers, Richard George",France,Paris,1971-1989,1971,1989,18,Centre Georges Pompidou,museums,
346,740,"Piano, Renzo; Rogers, Richard George",France,Paris,1971-1990,1971,1990,19,Centre Georges Pompidou,museums,
355,761,,France,Paris,1930-1939,1930,1939,9,Crédit Populaire,banks (buildings),
356,762,"Spreckelsen, Johan-Otto von ; Andreu, Paul",France,Paris,1984-1989,1984,1989,5,"Grande Arche de La Defense (Paris, France)",office buildings; triumphal arches,
358,764,"Spreckelsen, Johan-Otto von",France,Paris,1983-1989,1983,1989,6,"Grande Arche de La Defense (Paris, France)",triumphal arches,
359,765,Johan-Otto von,France,Paris,1983-1989,1983,1989,6,"Defense (Paris, France)",models (representations),
360,766,Johan-Otto von,France,Paris,1983-1989,1983,1989,6,La Defense,triumphal arches,
361,"767,772",Johan-Otto von,France,Paris,1958-1989,1958,1989,31,La Defense,triumphal arches,
366,"773,774","Valle, Gino",France,Paris,1985-1987,1985,1987,2,Sofitel Building,commercial buildings,
367,"775,777,778","Spreckelsen, Johan-Otto von",France,Paris,1958-1989,1958,1989,31,"Grande Arche de La Defense (Paris, France)",triumphal arches,
368,776,"Spreckelsen, Johan-Otto von, Paul Andreu",France,Paris,1984-1999,1984,1999,15,Grande Arche,triumphal arches,
369,779,,France,Paris,1930-1939,1930,1939,9,Ecole Berlitz,schools,
373,"786,788,789,791,793,794","Gehry, Frank O., 1929-",France,Marne-la-Vallee,1988-1992,1988,1992,4,"Euro Disneyland (Marne-la-Vallee, France)",amusement parks,
374,787,"Stern, Robert M.",France,Marne-la-Vallee,1988-1992,1988,1992,4,Hotel Newport Bay Club,,
376,792,"Disney Imagineers (Wimberly, Allison, Tong & Goo)",France,Marne-la-Vallee,1988-1992,1988,1992,4,Disneyland Hotel,hotels (public accommodations),
377,795,"Stern, Robert M. ; and others",France,Marne-la-Vallee,1988-1992,1988,1992,4,"Main Street, U.S.A.",amusements parks,
378,796,"Graves, Michael, 1934-",France,Marne-la-Vallee,1988-1992,1988,1992,4,Hotel New York,hotels (public accomodations),
379,797,,France,Marne-la-Vallee,1988-1992,1988,1992,4,Eurodisneyland train station,railroad stations,
381,801,,France,Paris,1700-1799,1700,1799,99,Paris facades,facades; buildings,
382,"802,803",,France,Paris,1800-1899,1800,1899,99,Paris facades,facades; buildings,
383,804,,France,Paris,1870-1929,1870,1929,59,Paris facades,facades; buildings,
387,812,Duquesney,France,Paris,1847-1852,1847,1852,5,"Gare de l'Est (Paris, France)",railroad stations,
388,813,Duquesney,France,Paris,1847-1853,1847,1853,6,"Gare de l'Est (Paris, France)",railroad stations,
389,814,Duquesney,France,Paris,1847-1854,1847,1854,7,"Gare de l'Est (Paris, France)",railroad stations,
390,"815,816,817,818,819,820,821","Hittorff, Jacques Ignace",France,Paris,1858-1866,1858,1866,8,"Gare du Nord (Paris, France)",railroad stations,
391,822,,France,Paris,1600-1699,1600,1699,99,17th century building,buildings,
400,844,"Mansart, Jules Hardouin,",France,Paris,1670-1679,1670,1679,9,"Dome des Invalides (Paris, France)",churches,
401,845,"Perrault, Claude,",France,Paris,1667-1670,1667,1670,3,Musee du Louvre,museums,
402,846,"Visconti, Louis; Lefuel, Hector Martin",France,Paris,1852-1858,1852,1858,6,Musee du Louvre,museums,
403,"847,849,852,853,854","Visconti, Louis; Lefuel, Hector Martin,",France,Paris,1851-1871,1851,1871,20,Musee du Louvre,museums,
405,"850,851,855,856,857,858,859,860,861,862,866","Pei, I. M., 1917-",France,Paris,1983-1989,1983,1989,6,Musee du Louvre,museums; pyramids,
407,868,"Androuet du Cerceau, Jacques, fl.",France,Paris,1600-1609,1600,1609,9,Musee du Louvre,museums,
408,869,Johann Otto von Spreckelsen,France,Paris,1982-1989,1982,1989,7,Arche de la Défense,Arches; Monuments,
409,870,"Vignon, P. (Pierre) ; Huve, Jean-Jacques-Marie,",France,Paris,1806-1842,1806,1842,36,"Eglise de la Madeleine (Paris, France)",churches,
410,871,"Vignon, P. (Pierre); Huve, Jean-Jacques-Marie",France,Paris,1806-1843,1806,1843,37,"Eglise de la Madeleine (Paris, France)",churches,
413,875,"Le Corbusier, 1887-1965",France,Paris,1922-1923,1922,1923,1,Maison Ozenfant,houses,
422,896,Ginain,France,Paris,1878-1888,1878,1888,10,Musée Galleria,museums,
423,"897,898,899,900,901,902,903,904,905,906,907,908,909,910,913,914,915,916",,France,Paris,1163-1250,1163,1250,87,Notre-Dame de Paris (Cathedral),cathedrals; pictorial drawings,
424,911,"Lebas, H.",France,Paris,1823-1836,1823,1836,13,Notre Dame  de Lorette,churches,
425,912,"Lebas, H.",France,Paris,1823-1836,1823,1836,13,Notre Dame de Lorette,churches,
426,"917,918,920,921,922,924,925,926,927,928,4773","Garnier, Charles",France,Paris,1861-1874,1861,1874,13,"9e Arrondissement (Paris, France)",opera houses,
427,"919,923,929","Charles Garnier, 1825-1898",France,Paris,1861-1875,1861,1875,14,Palais Garnier; Paris Opéra,"Opera house, Cultural, Theater",Neo-Baroque
429,937,"Viollet-le-Duc, Eugene-Louis,  b. 1835",France,Paris,1857-1868,1857,1868,11,Palais du Justice,public buildings; justice centers,
431,"939,940,941,942,943","Soufflot, Jacques Germain,",France,Paris,1757-1790,1757,1790,33,"5e Arrondissement (Paris, France)",churches; public buildings,
438,"953,954","Portzamparc, Christian de, 1944-",France,Paris,1990-1995,1990,1995,5,"Cite de la musique (Paris, France)",regional parks; music conservatories,
453,"997,998,999,1000,1001,1002,1003,1004,1005,1006",,France,Paris,1578-1606,1578,1606,28,"Pont-Neuf (Paris, France)",bridges (built works),
458,"1022,1023,1024","Abadie, Paul",France,Paris,1876-1919,1876,1919,43,"Sacre-Coeur de Montmartre (Basilica : Paris, France)",churches; basilicas,
459,1025,,France,Paris,1243-1248,1243,1248,5,Sainte Chapelle (pictorial drawing),chapels; plan views; pictorial drawings,
460,"1026,1027",,France,Paris,1243-1248,1243,1248,5,"Sainte-Chapelle (Paris, France)",chapels,
461,"1028,1029,1030,1031,1032,1033,1034,1038,1039,1041,1042,1043,1044,1045,1046,1047,1048,1049,1050,1051","Jourdain, Frantz, 1847-1935.",France,Paris,1905-1910,1905,1910,5,Samaritaine (Firm),department stores,Art Nouveau
464,1037,,France,Paris,1890-1899,1890,1899,9,French building (1890s),,
466,1052,"Jourdain, Frantz, 1847-1935.",France,Paris,1905-1910,1905,1910,5,Samaritaine,department stores,
469,1060,"Baltard, Victor",France,Paris,1860-1871,1860,1871,11,Saint  Augustin,churches,
471,1065,,France,Paris,1000-1199,1000,1199,199,Saint Germain des Pres,churches,
473,"1067,1068,1069,1070,1071,1072,1073,1074","Baudot, Anatole de",France,Paris,1894-1904,1894,1904,10,Saint Jean de Montmartre,churches,
479,"1102,1103,1104,1105","Perret, Auguste, 1874-1954; Perret, Gustave, 1876-1952",France,Paris,1911-1913,1911,1913,2,Theatre des Champs-Elysees,theaters,
483,1111,,France,Paris,1508-1522,1508,1522,14,Tour Saint Jacques,bell towers,
484,1112,Bailly,France,Paris,1858-1864,1858,1864,6,Tribunal de Commerce,government office buildings,
485,1113,"Ballu, Theodore,",France,Paris,1863-1867,1863,1867,4,"Trinite, La",churches,
486,1114,"Mansart, Francois",France,Paris,1645-1665,1645,1665,20,"Notre-Dame du Val-de-Grace (Church : Paris, France)",churches,
490,1122,,France,Reims,1212-1249,1212,1249,37,Reims cathedral,cathedrals; buttresses,
491,1123,,France,Reims,1212-1241,1212,1241,29,Notre-Dame de Reims (Cathedral),cathedrals; pictorial drawings; plans (drawings),
492,1124,,France,Reims,1212-1241,1212,1241,29,Reims cathedral,cathedrals; vaults,
493,1125,,France,Reims,1212-1247,1212,1247,35,Reims cathedral,cathedrals; aisles,
494,1126,,France,Reims,1212-1246,1212,1246,34,Reims cathedral,cathedrals; naves,
495,1127,,France,Reims,1212-1245,1212,1245,33,Reims cathedral,cathedrals; naves,
497,1129,,France,Reims,1212-1244,1212,1244,32,Reims cathedral,cathedrals; buttresses,
498,1130,,France,Reims,1212-1243,1212,1243,31,Reims cathedral,cathedrals,
499,1131,,France,Reims,1212-1242,1212,1242,30,Reims cathedral,cathedrals,
500,"1132,1133,1134,1135,1136,1137,1138","Le Corbusier,1887-1965",France,Ronchamp,1950-1954,1950,1954,4,"Notre-Dame-du-Haut (Chapel : Ronchamp, France)",chapels,
501,"1139,1142,1144,1145,1146,1147,1148,1149,1150",,France,Semur-en-Auxois,1201-1299,1201,1299,98,Semur-en-Auxois (walled city),churches; towns; squares (open spaces),
504,1143,,France,Semur-en-Auxois,1201-1299,1201,1299,98,Semur-en-Auxois,towns; walled cities; fortifications,
505,"1151,1152,1153,1154,1155,1156,1157,1158,1159,1161",,France,,1070-1099,1070,1099,29,Saint-Benoit-sur-Loire (Abbey),abbeys,
507,"1162,4528,4529,4530,4531,4533,4534,4543,4549,4550,4551,4552,4553,4554,4555","Le Vau, Louis; Le Notre, Andre; Le Brun",France,Maincy,1657-1661,1657,1661,4,"Jardins de Vaux-le-Vicomte (Maincy, France)",chateaux; gardens,
508,1163,"Le Vau, Louis; Le Notre, Andre; Le Brun",France,Maincy,1657-1662,1657,1662,5,"Jardins de Vaux-le-Vicomte (Maincy, France)",chateaux; gardens,
512,"1192,1193,1194,1195,1196,1197,1198,1199,1201",,France,Vezelay,1120-1136,1120,1136,16,"Basilique de la Madeleine (Vezelay, France)",churches,
514,"1202,1203,1204,1205",Odo of Metz,Germany,Aachen,796-804,796,804,8,Palace of Charlemagne,palaces,
515,"1206,1207","Schinkel, Karl Friedrich,",Germany,Berlin,1823-1830,1823,1830,7,"Altes Museum (Berlin, Germany)",museum,
516,"1208,4801","Rachsdorff, J.",Germany,Berlin,1894-1905,1894,1905,11,Berliner Dom,cathedrals,
517,1209,"Langhans, Carl Gotthard",Germany,Berlin,1789-1791,1789,1791,2,"Brandenburger Tor (Berlin, Germany)",city gates,
526,1221,"Gontard, Carl von",Germany,Berlin,1780-1785,1780,1785,5,Deutscher Dom (German Church),churches,
527,1222,,Germany,Berlin,1780-1785,1780,1785,5,"Franzosischer Dom (Berlin, Germany)",churches,
533,"1231,1232,1233,1234,1235,4797","Mies van der Rohe, Ludwig, 1886-1969",Germany,Berlin,1963-1968,1963,1968,5,Neue Nationalgalerie (Germany),museum,
534,1236,"Schinkel, Karl Friedrich",Germany,Berlin,1816-1818,1816,1818,2,"Neue Wache (Berlin, Germany)",war memorials; guardhouses,
536,"1238,1239,1240","March, Werner, 1894-1976",Germany,Berlin,1934-1936,1934,1936,2,Olympia Stadium,stadiums,
537,"1241,1242,1243,1244,1245","Scharoun, Hans, 1893-1972",Germany,Berlin,1960-1963,1960,1963,3,"Philharmonie (Berlin, Germany)",concert halls,
539,"1253,4802,4803","Schinkel, Karl Friedrich",Germany,Berlin,1819-1821,1819,1821,2,"Schauspielhaus (Berlin, Germany)",theaters; concert  halls,
540,1254,"Eisenman, Peter, 1932-",Germany,Berlin,1982-1987,1982,1987,5,Berlin social housing,apartment houses,
541,1255,"Scharoun, Hans, 1893-1972",Germany,Berlin,1971-1978,1971,1978,7,Deutsche Staatsbibliothek,national libraries,
544,"1259,1260,1261,1262","LeCorbusier, 1887-1965",Germany,Berlin,1957-1958,1957,1958,1,Unite d'Habitation,apartment houses,
546,1264,"Strack, H.",Germany,Berlin,1869-1873,1869,1873,4,Victory Column,monuments,
549,"1270,4834,4835,4836,4837,4838,4839,4840,4841,4842",,Germany,Cologne,1270-1388,1270,1388,118,Kolner Dom,cathedrals; site plans; pictorial drawings; plans (drawings); structural drawings,
555,"1297,1298,1299,1300,1301",,Germany,Speyer,1000-1099,1000,1099,99,Speyerer Dom,cathedrals,
556,"1302,1303,1304,1305,1306,1307,1308,1309,1310,1311,1312,1313,1314,1315,1316,1317,1318,1319,1320,1321,1322,1323,1324,1325","Stirling, James Frazer",Germany,Stuttgart,1977-1984,1977,1984,7,Staatsgalerie Stuttgart,museum,
561,"1337,1338,1339,1341",,Germany,Trier,307-312,307,312,5,"Basilica of Constantine (Rome, Italy)",basilicas; palaces,
562,1340,,Germany,Trier,300-329,300,329,29,"Basilica of Constantine (Rome, Italy)",palaces; basilicas; brickwork (masonry),
563,1342,,Germany,Trier,270-299,270,299,29,Roman city gate,city gates,
583,"1388,3123,3124,3125,3126,3127","Aga, Mehmet",Turkey,Istanbul,1603-1617,1603,1617,14,"Sultanahmet Camii (Istanbul, Turkey)",,
594,"1416,1417,1418,1419,1420","Pei, I. M., 1917-",China,Hong Kong,1982-1990,1982,1990,8,Bank of China,commercial buildings; office buildings,
596,"1424,1425,1427,1428,1429,1430","Foster, Norman,  1935- [Sir]",China,Hong Kong,1979-1986,1979,1986,7,Hong Kong and Shanghai Bank,commercial buildings; office buildings,
597,1426,"Foster, Norman,  1935- [Sir]",China,Hong Kong,1979-1987,1979,1987,8,Hong Kong and Shanghai Bank,commercial buildings; office buildings,
598,1431,"Rudolph, Paul, 1918-",China,Hong Kong,1984-1988,1984,1988,4,Lippo Center,commercial buildings; office buildings,
599,1432,"Webb, Aston and Bell, E. Ingress [London]",China,Hong Kong,1903-1912,1903,1912,9,Supreme Court Building,public buildings,
601,1435,"Farrell, Terry & Partners",China,Hong Kong,1991-1995,1991,1995,4,Peak Tower,landmark buildings,
608,1457,,India,Agra,1612-1613,1612,1613,1,Akbar's Tomb,tombs; gateways,
609,"1458,1460,1461,1462",,India,Agra,1638-1648,1638,1648,10,"Lal Qila (Delhi, India)",,
611,"1463,1464,1465,1467,1468,1469,1470,1471,1472,1473,1474,1475,1476",,India,Agra,1632-1653,1632,1653,21,"Taj Mahal (Agra, India)",tombs; mausoleums,
612,1466,,India,Agra,1632-1653,1632,1653,21,Taj Mahal,tombs;mausoleums; gates,
613,"1477,1478,1479,1480,1481,1482,1483",,India,Delhi,1638-1648,1638,1648,10,"Lal Qila (Delhi, India)",forts,
614,"1484,1485,1486,1487",,India,Jaipur,1851-1875,1851,1875,24,Albert Hall,,
615,"1488,1489,1490,1491,1492,1493,1494",,India,Jaipur,1000-1699,1000,1699,699,Amer Fort,forts,
623,"1505,1506,1507,1508,1509,1510,1511,1512,1513",Nekchard,India,,1975-1977,1975,1977,2,Rock Garden in India,rock gardens,
651,1605,Michelozzo,Italy,Florence,1444-1459,1444,1459,15,Palazzo Medici Riccardi,palazzi; palaces,
652,"1606,1607","Brunelleschi, Filippo; Ammannati, Bartolomeo",Italy,Florence,1400-1499,1400,1499,99,Palazzo Pitti,,
657,1613,"Vasari, Giorgio",Italy,Florence,1560-1580,1560,1580,20,Galleria degli Uffizi,museums,
660,1616,Matas,Italy,Florence,1857-1863,1857,1863,6,"Santa Croce (Church : Florence, Italy)",churches,
661,1617,"Brunelleschi, Filippo",Italy,Florence,1429-1461,1429,1461,32,Pazzi Chapel,chapels,
664,1621,"Alberti, Leon Battista,",Italy,Florence,1456-1470,1456,1470,14,"Santa Maria Novella (Church : Florence, Italy)",churches,
666,"1626,1627",Ponti & Nervi,Italy,Milan,1958-1961,1958,1961,3,Pirelli Building,commercial buildings; office buildings; tall buildings,
677,"1641,1642",,Italy,Rome,307-312,307,312,5,"Basilica of Constantine (Rome, Italy)",basilicas; churches,
684,1650,"Michelangelo Buonarroti,",Italy,Rome,1538-1655,1538,1655,117,Campidoglio,,
687,1653,"Bramante, Donato,",Italy,Rome,1495-1505,1495,1505,10,Cancelleria (pictorial drawing),elevations (drawings); pictorial drawings; plans (drawings); site plans,
688,1654,"attributed to Bramante, Donato,",Italy,Rome,1486-1498,1486,1498,12,Cancelleria,palaces,High Renaissance
689,1655,"Bramante, Donato,",Italy,Rome,1495-1505,1495,1505,10,Cancelleria,buildings,
692,1659,,Italy,Rome,1930-1939,1930,1939,9,Rome view,buildings,
694,"1667,1669","Sangallo, Antonio da,",Italy,Rome,1534-1545,1534,1545,11,"Palazzo Farnese (Caprarola, Italy)",palaces; pictorial drawings; plans (drawings),
695,1668,"Sangallo, Antonio de; Michelangelo Buonarroti; and others",Italy,Rome,1534-1545,1534,1545,11,"Palazzo Farnese (Rome, Italy)",palaces,Renaissance
697,1671,"Salvi, Nicola",Italy,Rome,1732-1762,1732,1762,30,Fontana  di Trevi,buildings; fountains,
703,1682,Vignola,Italy,Rome,1568-1584,1568,1584,16,Il Gesu (plan),churches; pictorial drawings; plans (drawings); site plans,
704,1683,Vignola,Italy,Rome,1568-1584,1568,1584,16,Il Gesu,churches,
707,1688,"Sacconi, Giuseppe,  1854-1905",Italy,Rome,1885-1911,1885,1911,26,"Monumento Vittorio Emanuele, ii",monuments,
709,"1690,1691","Nervi, Pier Luigi",Italy,Rome,1956-1957,1956,1957,1,Palazzo della Sport,stadiums,
710,1693,,Italy,Rome,120-128,120,128,8,"Pantheon (Rome, Italy)",temples; plans (drawings); pictorial drawings,
711,"1694,1695,1696,1697",,Italy,Rome,120-127,120,127,7,"Pantheon (Rome, Italy)",temples,
714,"1700,1701","Bernini, Gian Lorenzo",Italy,Rome,1600-1699,1600,1699,99,"Piazza Navona (Rome, Italy)",plazas; squares (open spaces),
720,"1711,1712","Bernini, Gian Lorenzo",Italy,Rome,1658-1670,1658,1670,12,Sant'Andrea al Quirinale,churches,
721,1713,"Bernini, Gian Lorenzo",Italy,Rome,1658-1670,1658,1670,12,Sant' Andrea al Quirinale,churches,
722,"1714,1716,1717,1719","Borromini, Francesco",Italy,Rome,1639-1641,1639,1641,2,"Chiesa di S. Carlo alle Quattro Fontane (Rome, Italy)",churches,
723,1715,"Borromini, Francesco",Italy,Rome,1638-1641,1638,1641,3,"Chiesa di S. Carlo alle Quattro Fontane (Rome, Italy)",churches,
724,1720,,Italy,Rome,400-499,400,499,99,"Santa Sabina (Basilica : Rome, Italy)",churches; basilicas,
728,"1725,1727,1728,1729,1730,1732,1733,1734,1735,1736,1737,1738,1739,1740,1741,1742","Della Porta, Giacomo; Maderno, Carlo",Italy,Rome,1606-1612,1606,1612,6,Basilica di San Pietro in Vaticano,churches;pictorial drawings; plans (drawings); basilicas,
732,"1745,1746,1747","Montuori, , Eugenio, 1907- ; and Calini; Castellazzi; Fadigati; Vitellozzi; Pintonello",Italy,Rome,1948-1950,1948,1950,2,Stazione Termini,stations,
735,"1753,1754,1755","Bramante, Donato,",Italy,Rome,1499-1502,1499,1502,3,Tempietto of San Pietro,temples,
740,"1762,1763",,Italy,Rome,100-112,100,112,12,Trajan's Markets,marketplaces; markets (buildings),
741,"1764,1765","Peruzzi, Baldassarre,",Italy,Rome,1508-1511,1508,1511,3,Villa della Farnesina,villas,
742,"1766,1767",,Italy,Venice,1063-1073,1063,1073,10,"Basilica di San Marco (Venice, Italy)",basilicas; churches,
743,1768,"Palladio, Andrea, completed by Scamozzi",Italy,Venice,1566-1610,1566,1610,44,Church of San Giorgio Maggiore,churches,
744,1769,,Italy,Venice,1200-1499,1200,1499,299,"Palazzo ducale (Venice, Italy)",palaces,
745,1770,,Italy,Venice,1300-1399,1300,1399,99,Piazzetta and Campanile,campaniles; bell towers,
746,1771,,Italy,Venice,1300-1399,1300,1399,99,"Piazza San Marco (Venice, Italy)",plazas,
748,1778,,Japan,Kyoto,1700-1799,1700,1799,99,Basho-an teahouse,teahouses,
752,"1782,1783,1784,1785",,Japan,Kyoto,1630-1669,1630,1669,39,"Katsura Rikyu (Kyoto, Japan)",palaces,
756,1802,,Japan,Matsue,1607-1611,1607,1611,4,Matsue Castle,castles,
757,"1803,1804,1805,1806,1807,1808,1809,1810,1811,1812,1813,1814,1815",,Japan,Miyajima,500-599,500,599,99,"Itsukushima Jinja (Miyajima-cho, Japan)",torii ; shrines,
759,1823,,Japan,Nara,1900-1999,1900,1999,99,"Kasuga Jinja (Nara-shi, Japan)",shrines,
761,"1825,1826,1827,1828,1829,1830,1832,1833,1835",,Japan,Nikko-shi,1600-1629,1600,1629,29,Nikko Toshogu,buildings; shrines,
765,"1837,1838",,Japan,Osaka,1583-1586,1583,1586,3,"Osakajo (Osaka, Japan)",castles ; moats ; towers (single built works),
795,1899,"Wright, Frank Lloyd, 1867-1959",Japan,Tokyo,1912-1923,1912,1923,11,Teikoku Hoteru,hotels,
817,"1941,1942","Tange, Kenzo, 1913-",Japan,Tokyo,1961-1964,1961,1964,3,Saint Mary's Church,churches,
822,"1949,1950",,Japan,Tokyo,1925-1929,1925,1929,4,Tokyo-eki (Japan),railroad stations,
850,"2000,2001,2002,2003,2004,2005,2006,2007,2008,2009,2010,2011,2012,2013,2014,2015",,Macedonia,Ohrid,1030-1069,1030,1069,39,"Sveta Sofija (Church : Ohrid, Macedonia)",cathedrals,
864,2047,,Macedonia,Skopje,1470-1499,1470,1499,29,Mosque of Mustafa Pasha,mosques,
884,"2078,2079",,Mexico,Chichen Itza Site,1200-1299,1200,1299,99,El Castillo,,
885,2080,,Mexico,Kabah Site,1200-1299,1200,1299,99,Yucatan arch,,
888,"2085,2086",,Mexico,Kabah Site,1200-1299,1200,1299,99,Codz Poop,,
911,"2136,2137,2138,2139,2140,2141,2142,2143",,Mongolia,Ulaanbaatar,1893-1912,1893,1912,19,Bogdo Gegen,palaces,
942,"2195,2196,2197,2198,2199,2200,2201","Velde, Henry van de, 1863-1957",Netherlands,Otterlo,1937-1938,1937,1938,1,Rijksmuseum Kroller-Muller,museums,
949,"2212,2213",,Poland,Krakow,1370-1500,1370,1500,130,"Kosciol Mariacki (Krakow, Poland)",cathedrals,
950,2214,,Poland,Krakow,1300-1399,1300,1399,99,Florian Gate,fortresses; city gates,
952,2216,,Poland,Krakow,1320-1364,1320,1364,44,Katedra Wawelska,cathedrals,
953,2217,,Poland,Krakow,1000-1600,1000,1600,600,"Zamek Krolewski na Wawelu (Krakow, Poland)",castles; courtyards; galleries (upper level spaces),
956,2220,,Poland,Krakow,1250-1850,1250,1850,600,Sukiennice (Cloth Hall),marketplaces; market halls,
962,2227,,Poland,Wroclaw,1200-1500,1200,1500,300,Wroclaw Rathaus in old town square,municipal buildings; Rathauser; squares (open spaces),
966,2237,,Russia,Bogoliubovo,1158-1165,1158,1165,7,"Palace complex of Prince Andrei Bogoliubskii, remains",palaces; complexes,
968,"2239,2240","Rinaldi, Antonio,",Russia,Saint Petersburg,1766-1781,1766,1781,15,"Gatchinskii dvorets (Gatchina, Russia)",palaces,
971,"2244,2245,2246,2247,2248",,Russia,Iaroslavl,1647-1650,1647,1650,3,Church of Elijah the Prophet,churches,
972,"2249,2250,2251",,Russia,Iaroslavl,1671-1687,1671,1687,16,"Church of John the Baptist, in Tolchkovo",churches,
973,"2252,2253,2254,2255",,Russia,Iaroslavl,1649-1654,1649,1654,5,Church of Saint John Chrysostom,churches,
975,2257,,Russia,Iaroslavl,1620-1622,1620,1622,2,Church of Saint Nicholas Nadein,churches,
976,"2258,2259,2260",,Russia,Iaroslavl,1689-1693,1689,1693,4,Church of the Annunciation,churches,
977,2261,,Russia,Iaroslavl,1633-1634,1633,1634,1,Church of the Nativity,churches,
980,2264,,Russia,Iaroslavl,1825-1831,1825,1831,6,Church of Tikhon,churches,
981,2265,,Russia,Iaroslavl,1600-1699,1600,1699,99,Church of Saint John Chrysostom,churches,
986,2270,,Russia,Iaroslavl,1506-1516,1506,1516,10,Cathedral of the Transfiguration of the Savior,monasteries; cathedrals,
987,2271,,Russia,Iaroslavl,1650-1699,1650,1699,49,Monastery of the Savior,monasteries,
989,2276,,Russia,Irkutsk,1899-1903,1899,1903,4,Irkutsk bookstore,bookstores ; buildings,
990,2277,,Russia,Irkutsk,1718-1724,1718,1724,6,Church of the Annunciation,churches,
991,"2278,2279",,Russia,Irkutsk,1747-1758,1747,1758,11,Church of the Elevation of the Cross,churches,
992,"2280,2281","Dolgikh, M.I.",Russia,Irkutsk,1706-1713,1706,1713,7,Church of the Savior,churches,
995,2286,School of architect G. Quarengi,Russia,Irkutsk,1799-1804,1799,1804,5,Irkutsk University Library,libraries (buildings) ; universities,
996,2287,"Rozen, G.V",Russia,Irkutsk,1883-1891,1883,1891,8,Irkutsk regional museum,museums,
1003,"2306,2307",,Russia,Kirillov,1600-1699,1600,1699,99,"Ferapontov monastyr (Ferapontovo, Russia)",monasteries ; cathedrals ; churches,
1005,2309,,Russia,Kirillov,1600-1699,1600,1699,99,Cathedral of the Birth of the Virgin,churches ; cathedrals ; monasteries ; frescoes,
1008,"2313,2314",,Russia,Kirillov,1500-1599,1500,1599,99,Goritskii Monastery,churches,
1012,2318,,Russia,Kirillov,1600-1699,1600,1699,99,Kirillo-Belozerskii Monastery,monasteries ; infirmaries,
1013,2319,,Russia,Kirov,1769-1899,1769,1899,130,Cathedral of the Savior,cathedrals,
1014,2320,,Russia,Kirov,1600-1799,1600,1799,199,Chancellery Chambers,embassies,
1017,2325,,Russia,Kirov,1830-1839,1830,1839,9,House once occupied by architect A.L. Witberg,houses,
1021,2336,,Russia,Kostroma,1603-1605,1603,1605,2,Bell Tower of Trinity Cathedral,bell towers,
1022,2337,,Russia,Kostroma,1700-1799,1700,1799,99,Church of Elijah the Prophet,churches,
1026,2341,,Russia,Kostroma,1700-1899,1700,1899,199,Confectioners' Row at market,buildings; markets,
1027,2342,"Fursov, P. I.",Russia,Kostroma,1823-1827,1823,1827,4,Fire Tower,buildings; fire towers,
1034,"2360,2361,2362,2363",,Russia,Kostroma,1650-1659,1650,1659,9,Trinity Cathedral,cathedrals,
1037,"2369,2370,2371,2372",,Russia,Makar'e,1770-1776,1770,1776,6,Church of Saint Makarii Zheltovodskii,churches,
1039,"2374,2414",,Russia,Moscow,1425-1427,1425,1427,2,Church of the Transfiguration of the Savior,,churches; monasteries
1041,2376,,Russia,Moscow,1844-1851,1844,1851,7,Kremlin,armories (military buildings),
1045,"2382,2383",,Russia,Moscow,1484-1489,1484,1489,5,Cathedral of the Annunciation,cathedrals,
1047,"2391,2392,2393,2394,2395","Fiorovanti, Ridolfo (Aristotle)",Russia,Moscow,1475-1479,1475,1479,4,"Uspenskii sobor (Moscow, Russia)",cathedrals,
1048,2396,"Grigorev, Fedor ; Anisimov, Grigorii",Russia,Moscow,1679-1684,1679,1684,5,Cathedral of the Monastery of the Sign,cathedral,
1049,2397,,Russia,Moscow,1698-1699,1698,1699,1,Church of Maksim the Blessed,churches,
1050,2398,,Russia,Moscow,1676-1679,1676,1679,3,Church of Simeon Stolpnik na Povarskoi,churches,
1052,2400,,Russia,Moscow,1699-1702,1699,1702,3,Church of Saint Nicholas,churches,
1056,2405,,Russia,Moscow,1570-1599,1570,1599,29,Church of the Conception of Anna,,
1060,2415,,Russia,Moscow,1642-1655,1642,1655,13,Church of the Twelve Apostles and Patriarchal Chambers,churches,
1061,2416,,Russia,Moscow,1540-1550,1540,1550,10,Church of the John the Baptist,,
1062,2417,"Blank, Karl and Argunov, Pavel",Russia,Kuskovo,1765-1787,1765,1787,22,Kuskovo (Estate of Count Peter Sheremetev),estate,
1063,2419,"Solari, Pietro Antonio and Marco",Russia,Moscow,1487-1491,1487,1491,4,Granovitaia palata,palaces,
1065,2423,"Argunov, Fedor",Russia,Kuskovo,1761-1765,1761,1765,4,Kuskovo (Estate of Count Peter Sheremetev),pavilions (garden structures),
1068,2428,,Russia,Moscow,1500-1599,1500,1599,99,Church of the Ascension,churches ; bell towers,
1069,2429,,Russia,Moscow,1500-1599,1500,1599,99,Saint George church,churches; bell towers; stairs,
1072,2432,,Russia,Moscow,1600-1699,1600,1699,99,Bratsk fort blockhouse,blockhouses ; forts,
1075,2437,,Russia,Moscow,1484-1485,1484,1485,1,Church of the Laying of the Veil,,
1079,2442,,Russia,Moscow,1685-1687,1685,1687,2,Novodevichii Convent,,
1080,2443,,Russia,Moscow,1685-1687,1685,1687,2,Moscow refectory church,churches ; convents,
1081,2444,,Russia,Moscow,1685-1687,1685,1687,2,Moscow Refectory church,churches; convents,
1082,"2445,2446,2447,2448",,Russia,Moscow,1524-1525,1524,1525,1,Cathedral of Our Lady of Smolensk,cathedrals ; churches ; convents,
1084,"2450,2451",,Russia,Moscow,1687-1688,1687,1688,1,Church of the Holy Trinity,churches,
1086,"2453,2454",,Russia,Moscow,1626-1630,1626,1630,4,"Kazanskii sobor (Moscow, Russia)",cathedrals ; plazas ; squares (open spaces),
1087,2456,"Bove, O.",Russia,Moscow,1910-1920,1910,1920,10,"GUM (Department store : Moscow, Russia)",department stores,
1090,2465,,Russia,Moscow,1550-1559,1550,1559,9,"Khram Vasilieiia Blazhennogo (Moscow, Russia)",cathedrals,
1096,"2475,2476",,Russia,Novgorod,1682-1688,1682,1688,6,Cathedral of the  Sign,cathedrals,
1098,2479,,Russia,Novgorod,1198-1202,1198,1202,4,Church of Elijah the Prophet,churches,
1099,"2480,2481",,Russia,Novgorod,1381-1383,1381,1383,2,Church of Saint Demetrios of Salonika,,
1101,"2483,2484,2485",,Russia,Novgorod,1185-1192,1185,1192,7,Church of Saints Peter and Paul,churches,
1106,"2498,2499",,Russia,Novgorod,1127-1130,1127,1130,3,Church of Saint John,churches,
1107,"2500,2501",,Russia,Novgorod,1383-1384,1383,1384,1,Church of Saint John the Theologian,churches,
1108,"2502,2503,2504",,Russia,Novgorod,1600-1699,1600,1699,99,Church of Saint Nicholas,churches,
1113,"2515,2516,2517",,Russia,Novgorod,1360-1361,1360,1361,1,Church of Saint Theodore the Stratilete,churches,
1114,"2518,2519",,Russia,Novgorod,1150-1199,1150,1199,49,Church of the Annunciation,churches,
1115,"2520,2521",,Russia,Novgorod,1550-1559,1550,1559,9,Church of the Annunciation,churches,
1116,"2522,2523,2524",,Russia,Novgorod,1383-1384,1383,1384,1,Church of the Apostle Philip,churches,
1120,"2532,2533,2534",,Russia,Novgorod,1381-1382,1381,1382,1,Church of the Nativity,churches; cemeteries,
1127,"2547,2548",,Russia,Novgorod,1690-1699,1690,1699,9,Gostinyi dvor,,
1130,"2552,2553",,Russia,Novgorod,1533-1536,1533,1536,3,Monastery of Saint Anthony,monasteries,
1134,2568,,Russia,Novgorod,1430-1469,1430,1469,39,Novgorod kremlin,fortresses; churches; towers (building divisions),
1135,2569,,Russia,Novgorod,1400-1429,1400,1429,29,Novgorod kremlin,fortresses; bell towers,
1140,"2576,2577,2578,2579,2580,2581,2582,2583,2584,2585,2586,2587,2588,2589,2590,2591,2592","Cameron, Charles,",Russia,Pavlovsk (Leningradskaia oblast),1782-1786,1782,1786,4,Pavlovskii dvorets-muzei,palaces,
1144,2606,,Russia,Pechory,1600-1699,1600,1699,99,"Pskovo-Pecherskii monastyr (Pechory, Russia)",monasteries ; libraries (buildings),
1146,2610,"Sultanov, N. (Nikolai), 1850-1908 ;  Kosiakov,  V. A.",Russia,Petrodvorets,1895-1904,1895,1904,9,Cathedral of Saints Peter and Paul,cathedrals,
1148,2612,"Braunstein, Johann Friedrich",Russia,Petrodvorets,1720-1723,1720,1723,3,Palace of Marly,palaces,
1149,2613,"Le Blond  ;  Braunstein, Johann Friedrich",Russia,Petrodvorets,1714-1722,1714,1722,8,Palace of Mon Plaisir,palaces,
1150,"2614,2615,2616,2617,2619,2620,2621,2622,2623,2624,2625,2626,2627,2628,2629,2630,2631,2632,2633,2634,2635,2636,2637,2638,2639,2640,2641","Braunstein, Johann Friedrich",Russia,Petrodvorets,1714-1752,1714,1752,38,Peterhof Palace,palaces,
1151,2618,"Braunstein, Johann Friedrich",Russia,Petrodvorets,1714-1752,1714,1752,38,"Bolshoi Dvorets (Petrodvorets, Russia)",palaces,
1152,2642,,Russia,Pskov,1500-1599,1500,1599,99,Gremiachaia Tower,,
1153,2643,,Russia,Pskov,1500-1599,1500,1599,99,Church of the Resurrection,churches,
1155,"2645,2646,2647",,Russia,Pskov,1600-1699,1600,1699,99,Solodezhnia,,
1158,2650,,Russia,Pskov,1500-1599,1500,1599,99,Church of SS. Joachim and Anna,churches,
1159,2651,,Russia,Pskov,1500-1599,1500,1599,99,Church of Saint Anastasiia,churches,
1164,2657,,Russia,Pskov,1670-1699,1670,1699,29,Church of the Archangel Michael,churches; bell towers; entrances,
1168,"2662,2663",,Russia,Pskov,1500-1599,1500,1599,99,Dual Church of the Nativity and the Protection (Intercession),churches,
1170,"2665,2666,2672",,Russia,Pskov,1570-1699,1570,1699,129,kremlin,fortresses,
1172,"2668,2669",,Russia,Pskov,1682-1699,1682,1699,17,Trinity Cathedral,cathedrals; fortresses,
1174,2673,,Russia,Pskov,1600-1699,1600,1699,99,"Menshikov (first) House, left; Menshikov (third) House, right",,
1175,2674,,Russia,Pskov,1600-1699,1600,1699,99,Menshikov (second) House,,
1179,"2680,2681",,Russia,Pskov,1600-1699,1600,1699,99,Pogankin House,museums,
1184,2688,,Russia,Sergiev Posad,1580-1589,1580,1589,9,Troitse-Sergieva lavra,cathedrals; monasteries,
1187,2694,,Russia,Sergiev Posad,1686-1692,1686,1692,6,Troitse-Segieva lavra,refectories; monasteries,
1191,2698,,Russia,Slobodskoi,1600-1699,1600,1699,99,Church of Saint Michael the Archangel,churches; monasteries,
1194,"2702,2703",,Russia,Slobodskoi,1800-1899,1800,1899,99,House,houses,
1196,2705,"Adamini, Domenico",Russia,Saint Petersburg,1823-1827,1823,1827,4,Adamini house,buildings ; houses,
1197,2706,"Adamini, Domenico",Russia,Saint Petersburg,1823-1828,1823,1828,5,Adamini house,buildings  ; houses,
1198,2707,"Zahkarov, Andreian",Russia,Saint Petersburg,1806-1819,1806,1819,13,"Admiralteistvo (Saint Petersburg, Russia)",buildings,
1199,"2708,2709","Trezzini, Pietro Antonio;  Rastorguev, M. D.; Starov, Ivan Egorovich,",Russia,Saint Petersburg,1750-1760,1750,1760,10,Aleksandro-Nevskaia lavra,monastery,
1201,"2711,2712","Rossi, Carlo",Russia,Saint Petersburg,1828-1832,1828,1832,4,Alexandrine Theater,theaters,
1202,"2713,2714","de Thomon, Thomas",Russia,Saint Petersburg,1805-1810,1805,1810,5,Bourse (Merchant Exchange),buildings,
1205,2718,"Trezzini, Domenico",Russia,Saint Petersburg,1722-1742,1722,1742,20,Building of the Twelve Administrative Colleges,buildings,
1208,"2722,2723,2733","Rastrelli, Varfolomei Varfolomeevich",Russia,Saint Petersburg,1748-1764,1748,1764,16,Smolny Convent,cathedrals; convents,
1209,"2724,2725,2726,2727,2761","Trezzini, Domenico,",Russia,Saint Petersburg,1712-1733,1712,1733,21,Peter and Paul Fortress,chapels; churches; fortresses,
1210,"2728,2729,2730","Parland, Alfred",Russia,Saint Petersburg,1883-1907,1883,1907,24,Church of the Resurrection of Christ,churches,
1211,"2731,2732","Baranovskii, Gavriil",Russia,Saint Petersburg,1902-1904,1902,1904,2,Eliseev Building,buildings,
1215,2737,"Quarenghi, Giacomo,",Russia,Saint Petersburg,1783-1787,1783,1787,4,Hermitage Theater,theaters,
1217,2739,"Mattarnovy, Georg Johann",Russia,Saint Petersburg,1718-1734,1718,1734,16,Kunstkamera (Imperatorskaia akademiia nauk),buildings,
1218,2740,"Rinaldi, Antonio,",Russia,Saint Petersburg,1768-1785,1768,1785,17,"Mramornyi dvorets (Saint Petersburg, Russia)",palaces,
1219,2741,"Bazhenov, Vasilii",Russia,Saint Petersburg,1797-1800,1797,1800,3,Mikhailovskii Castle,palace,
1220,2743,"Dmitriev, A.I.",Russia,Saint Petersburg,1910-1912,1910,1912,2,Nakhimov Cadet School,schools ; military academies ; cruisers ; warships,
1223,2748,,Russia,Saint Petersburg,1799-1804,1799,1804,5,"Nevskii prospekt (Saint Petersburg, Russia)",city street and council buildings,
1224,"2749,2750","Dmitriev, G.D. ; Chevakinskii, Savva ;  Argunov, Fedor",Russia,Saint Petersburg,1740-1760,1740,1760,20,Palace of Count P.B. Sheremetev,palaces,
1225,2751,"Shtakenshneider, Andrei Ivanovich",Russia,Saint Petersburg,1846-1848,1846,1848,2,Palace of Prince Beloselskii-Belozerskii,palaces,
1226,2752,"Fontana, Giovanni Mario and Schaedel, Gottfried Johann",Russia,Saint Petersburg,1710-1729,1710,1729,19,Palace of Prince Menshikov,palaces,
1228,"2754,2755,2756","Rossi, Karl Ivanovich,",Russia,Saint Petersburg,1820-1834,1820,1834,14,Palace Square,squares (open spaces); monuments,
1230,"2758,2759,2760","Trezzini, Domenico,",Russia,Saint Petersburg,1712-1733,1712,1733,21,Neva River (Russia),chapels; fortresses; rivers,
1231,2762,"Rossi, Karl Ivanovich,",Russia,Saint Petersburg,1828-1832,1828,1832,4,Saint Petersburg Public Library,libraries (buildings),
1236,2767,"Quarenghi, Giacomo,",Russia,Saint Petersburg,1806-1808,1806,1808,2,"Imperatorskoe vospitatelnoe obshchestvo blagorodnykh dievits (Saint Petersburg, Russia)",buildings,
1237,"2768,2769,2770,2771","Montferrand, Auguste Ricard de,",Russia,Saint Petersburg,1818-1858,1818,1858,40,"Isaakievskii sobor (Saint Petersburg, Russia)",cathedrals,
1240,2774,,Russia,Saint Petersburg,1757-1759,1757,1759,2,Stables of the Cadet Corps.,stables; bas reliefs,
1241,2775,"Mikeshin, Mikhail Osipovich,  1835-1896.",Russia,Saint Petersburg,1869-1873,1869,1873,4,Statue of Empress Catherine II,statues,
1242,2777,"Trezzini, Domenico; with panels attributed to Schluter, Andreas",Russia,Saint Petersburg,1710-1714,1710,1714,4,"Letni dvorets Petra I; Letni sad (Saint Petersburg, Russia)",palaces; gardens,
1244,"2779,2780,2781,2782,2783,2784,2785,2786","Rastrelli, Varfolomei Varfolomeevich,",Russia,Saint Petersburg,1754-1764,1754,1764,10,"Zimnii dvorets (Saint Petersburg, Russia)",palaces,
1247,2791,"Tretter, G.;  Sokolov, P.P.",Russia,Saint Petersburg,1825-1826,1825,1826,1,Lion Bridge view with Griboedov Canal,bridges (built works); canals,
1248,2792,,Russia,Saint Petersburg,1842-1850,1842,1850,8,Liteinyi Bridge,bridges (built works); railings; rivers,
1249,2793,,Russia,Saint Petersburg,1785-1787,1785,1787,2,Lomonosov Bridge,bridges (built works); rivers,
1255,"2806,2807",,Russia,Izborsk,1300-1399,1300,1399,99,Church of Saint Nicholas,churches,
1258,2811,,Russia,Suzdal,1400-1799,1400,1799,399,Suzdal Archibishop's residence,,
1259,2812,,Russia,Suzdal,1500-1599,1500,1599,99,Monastery of the Deposition of Shroud (Rizpolozhenskii sobor),cathedrals; monasteries,
1260,2813,,Russia,Suzdal,1224-1225,1224,1225,1,Cathedral of the Nativity,cathedrals; churches,
1261,2814,,Russia,Suzdal,1230-1233,1230,1233,3,Cathedral of the Nativity,cathedrals; doors,
1262,2815,,Russia,Suzdal,1512-1518,1512,1518,6,Convent of the Protection (Intercession) of the Mother of God,monasteries; cathedrals; convents,
1270,2824,,Russia,Suzdal,1600-1699,1600,1699,99,"Spaso-Evfimiev monastyr (Suzdal, Russia)",monasteries; towers,
1271,2825,,Russia,Suzdal,1500-1599,1500,1599,99,"Spaso-Evfimiev monastyr (Suzdal, Russia)",monasteries; bell towers,
1274,"2830,2831,2832","Cameron, Charles,",Russia,Saint Petersburg,1783-1787,1783,1787,4,Cameron Gallery,buildings,
1275,"2833,2834,2835,2836,2837,2838,2839,2840,2841,2842","Rastrelli, Varfolomei Varfolomeevich,",Russia,Tsarskoe selo,1748-1756,1748,1756,8,Catherine Palace,palaces,
1283,2858,,Russia,Velikii Ustiug,1600-1799.,1600,1799.0,199.0,Cathedral Square,,
1284,"2859,2860",,Russia,Velikii Ustiug,1670-1729,1670,1729,59,Church of Nikola Gostunskii,churches,
1285,2861,,Russia,Velikii Ustiug,1700-1709,1700,1709,9,Church of Saint Dmitrii Solunskii,churches,
1286,2862,,Russia,Velikii Ustiug,1739-1747,1739,1747,8,Church of Saint Sergius of Radonezh,churches,
1287,"2863,2864",,Russia,Velikii Ustiug,1725-1765,1725,1765,40,Church of Saint Simeon the Stylite,churches,
1289,2870,,Russia,Velikii Ustiug,1730-1740,1730,1740,10,Church of the Dormition,churches; monasteries,
1290,2871,,Russia,Velikii Ustiug,1700-1799,1700,1799,99,Dymkovo churches,churches,
1292,2873,,Russia,Velikii Ustiug,1682-1688,1682,1688,6,Monastery of Michael the Archangel,monasteries; churches; gates,
1293,"2874,2875,2876,2877",,Russia,Velikii Ustiug,1653-1656,1653,1656,3,Monastery of Michael the Archangel,monasteries; refectories,
1295,2887,,Russia,Velikii Ustiug,1738-1745,1738,1745,7,Trinity-Gleden Monastery refectory,monasteries; refectories,
1297,2889,,Russia,Velikii Ustiug,1659-1699,1659,1699,40,Trinity Cathedral,monasteries; refectories; cathedrals,
1299,"2891,2892,2893,2894,2895,2896",,Russia,Vladimir,1185-1189,1185,1189,4,Cathedral of the Dormition,cathedrals,
1300,2897,,Russia,Vladimir,1100-1199,1100,1199,99,Cathedral of the Dormition,churches,
1301,2898,,Russia,Vladimir (on the Kliazma River),1194-1197,1194,1197,3,Church of Saint Demetrius of Salonika,churches; palaces,
1302,"2899,2900,2901,2902,2903,2904,2905,2906,2907",,Russia,Vladimir,1194-1197,1194,1197,3,Church of Saint Demetrius of Salonika,,
1309,"2918,2919",,Russia,Saint Petersburg,1800-1899,1800,1899,99,Saint Petersburg apartment building,apartment houses; courtyards,
1311,2921,,Scotland,Edinburgh,1800-1899,1800,1899,99,Sir Walter Scott monument,monuments,
1317,"2933,2934,2935,2936,2937,2938,2939,2940,2942,2943,2944,2945,2946,2947,2948,2949,2950,4896,4897,4898,4900,4901,4902,4903,4905,4906,4907,4908,4909,4910,4911,4912,4913,4914,4915,4916",,Spain,Granada,1200-1400,1200,1400,200,"Alhambra (Granada, Spain)",palaces; gates,
1318,2941,,Spain,Granada,1200-1400,1200,1400,200,Palace of the Alhambra,palaces; courts (bulit works),
1319,2951,,Spain,Granada,1200-1400,1200,1400,200,"Alhambra (Granada, Spain); Generalife (Granada, Spain)",palace,
1320,2952,,Spain,Granada,1200-1400,1200,1400,200,"Alhambra (Granada, Spain) ; Generalife (Granada, Spain)",palaces,
1322,"2960,2965",,Spain,Madrid (vicinity of),1563-1584,1563,1584,21,El Escorial,palace,
1323,"2961,2962,2964","Toledo, Juan Bautista de; Herrera, Juan de",Spain,,1563-1584,1563,1584,21,San Lorenzo del Escorial (Spain),palaces; courtyards,
1324,2963,"Toledo, Juan Bautista de; Herrera, Juan de",Spain,,1563-1584,1563,1584,21,San Loranzo del Escorial (Spain),palaces; frescoes,
1352,"3040,3041,3042",,Turkey,Bursa,1400-1599,1400,1599,199,Muradiye tomb complex,tombs; complexes,
1354,"3044,3045",,Turkey,Bursa,1396-1399,1396,1399,3,Ulu Camii,mosques,
1355,3046,"Ivaz, Haci",Turkey,Bursa,1414-1424,1414,1424,10,Yesil Camii,mosques,
1357,3048,,Turkey,Bursa,1390-1395,1390,1395,5,Yilderim Bayezid Mosque,mosques,
1358,3049,,Turkey,Istanbul,364-378,364,378,14,Aqueduct of Valens,aqueducts,
1360,"3051,3052",,Turkey,Istanbul,1501-1506,1501,1506,5,Beyazit Camii,mosques,
1361,"3053,3054",,Turkey,Istanbul,1609-1617,1609,1617,8,"Sultanahmet Camii (Istanbul, Turkey)",mosques,
1362,3055,,Turkey,Istanbul,1609-1617,1609,1617,8,Blue Mosque (Sultan Ahmet Camii),mosques,
1367,"3060,3061,3062,3063",,Turkey,Istanbul,1100-1199,1100,1199,99,Fethiye Camii,mosques,
1372,"3071,3072,3073,3074,3075,3076,3077,3078",,Turkey,Istanbul,500-599,500,599,99,"Great Palace of the Emperors (Istanbul, Turkey)",palaces; mosaics; floors,
1373,"3079,3080,3082,3083,3084,3085,3086,3087,3088,3089,3090,3091,3092,4545,4676,4677","Anthemios,  ho Trallianos, 6th cent.; Isidorus of Miletus",Turkey,Istanbul,532-537,532,537,5,Ayasofya Muzesi,churches; isometric drawings; pictorial drawings; plans (drawings); mosques,
1377,3103,,Turkey,Istanbul,527-536,527,536,9,Kucuk Aya Sofya,churches,
1379,3106,,Turkey,Istanbul,1748-1755,1748,1755,7,"Nuruosmaniye Camii (Istanbul, Turkey)",mosques,
1381,3108,,Turkey,Istanbul,1400-1499,1400,1499,99,Rumeli Hisar and Anadolu Hisar,fortresses; rivers,
1390,3121,"Sinan,  Mimar,",Turkey,Istanbul,1550-1557,1550,1557,7,"Suleymaniye Camii (Istanbul, Turkey)",mosques,
1394,3150,,Turkey,Kayseri,1100-1199,1100,1199,99,Cifte medresesi,portals; schools,
1403,"3161,3162,3163,3185","Maybeck, Bernard R.",USA,Berkeley,1910-1912,1910,1912,2,Berkeley Christian Science Church,churches,
1408,"3211,3212,3213","Maybeck, Bernard; Morgan, Julia, 1872-1957.",USA,Berkeley,1925-1926,1925,1926,1,Hearst Gym,gymnasiums,Beaux-Arts classicism
1410,"3216,3217,3218,3219,3220,3221,3222,3223,3224,3225,3226,3227,3228,3229,3230","Kahn, Louis I., 1901-1974",USA,La Jolla,1959-1965,1959,1965,6,Salk Institute for Biological Studies,research institutes,
1411,"3231,3234,3235,3236,3237,3241",Richard Joseph Neutra (1892-1970),USA,Los Angeles,1946-1948,1946,1948,2,Bailey house,houses; entrances; stained glass,
1412,"3232,3233,3238,3239,3240","Neutra, Richard Joseph,  1892-1970",USA,Los Angeles,1946-1948,1946,1948,2,Bailey House,houses; gardens; swimming pools,
1413,"3242,3243,3244,3245","Portman, John Calvin",USA,Los Angeles,1975-1977,1975,1977,2,Bonaventure Hotel,hotels (public accomodations),
1417,3258,"Ellwood, Craig",USA,Los Angeles,1951-1952,1951,1952,1,Case Study House #16,houses,
1420,"3262,3263","Ellwood, Craig",USA,Los Angeles,1952-1953,1952,1953,1,Los Angeles courtyard apartments,apartment houses,
1421,3264,"Ellwood, Craig; Craig Ellwood Associates",USA,Los Angeles,1966-1967,1966,1967,1,Craig Ellwood building,office buildings,
1422,"3265,3266","Johnson, Philip, 1906-",USA,Garden Grove,1977-1980,1977,1980,3,"Crystal Cathedral (Garden Grove, Calif.)",cathedrals,
1425,"3278,3279,3280,3281,3282,3283","Gehry, Frank O., 1929-",USA,Los Angeles,1978-1979,1978,1979,1,Gehry House,houses,
1427,3289,"Ellwood, Craig/Tyler, James",USA,Los Angeles,1980-1989,1980,1989,9,Hale House,houses,
1436,"3303,3304,3305,3306,3307,3308,3309,3310,3311","Gehry, Frank O., 1929-",USA,Los Angeles,1981-1984,1981,1984,3,Loyola of Los Angeles School of Law,colleges; universities,
1447,"3353,3354,3355,3356,3357,3358,3359,3360,3361,3362,3363,3364,3365,3366,3367,3368,3369,3370,3371,3372,3373,3374,3375,3376,3377,3378,3379,3380,3381,3382,3385,3386",Craig Ellwood Associates,USA,Pasadena,1970-1976,1970,1976,6,"Art Center College of Design (Pasadena, Calif.)",schools,
1448,3383,Craig Ellwood Associates,USA,Pasadena,1970-1976,1970,1976,6,"Art Center College of Design (Pasadena,  California)",schools,
1449,3384,Craig Ellwood Associates,USA,Pasadena,1970-1976,1970,1976,6,"Art Center College of Design (Pasadena, California)",schools,
1451,"3390,3391,3392,3393,3394,3395,3396,3397,3398,3399,3400,3401,3402,3403,3404","Greene, Charles Sumner, 1868-1957;  Greene, Henry Mather, 1870-1954",USA,Pasadena,1908-1909,1908,1909,1,"David B. Gamble House (Pasadena, Calif.)",houses,Arts and Crafts
1452,"3405,3406,3407,3408,3409",Craig Ellwood Associates,USA,Pasadena,1964-1965,1964,1965,1,Kubly House,houses,
1453,"3410,3411,3412,3413,3414","Pietro Belluschi, 1899-1994",USA,San Francisco,1964-1969,1964,1969,5,Bank of America. World Headquarters,corporate headquarters; office buildings,
1461,"3445,3447,3448,3449,3450","Belluschi, Pietro, 1899-1994",USA,San Francisco,1963-1970,1963,1970,7,"St. Mary's Cathedral (San Francisco, Calif.)",cathedrals,
1462,"3446,5090,5091","Belluschi, Pietro, 1899-1994",USA,San Francisco,1963-1970,1963,1970,7,"Saint Mary's Cathedral (San Francisco, Calif.)",architectural drawings; cathedrals,
1463,"3451,3452,3453,3454,3455,3456,3457,3458,3459,3460,3461","Graves, Michael, 1934-",USA,San Juan Capistrano,1981-1983,1981,1983,2,Orange County Public Library (Calif.). San Juan Capistrano Regional Branch,libraries (buildings),
1465,"3469,3472",,USA,San Luis Obispo,1966-1968,1966,1968,2,Bridge house,houses; student projects,
1470,"3491,3492,5205,5206,5207",Skidmore Owings & Merrill,USA,Colorado Springs,1956-1962,1956,1962,6,United States Air Force Academy,military academies,
1471,"3493,3494","Sullivan, Louis H., 1856-1924",USA,Chicago,1891-1904,1891,1904,13,Carson Pirie Scott,department stores,
1472,"3495,3496,3497,3498,5284,5286","Sullivan, Louis H., 1856-1924",USA,Chicago,1896-1904,1896,1904,8,Carson Pirie Scott,department stores,
1474,3501,Howells & Hood,USA,Chicago,1922-1925,1922,1925,3,"Tribune Tower (Chicago, Ill.)",office buildings,
1476,3504,"Mies van der Rohe, Ludwig, 1886-1969",USA,Chicago,1948-1951,1948,1951,3,Lakeshore Drive apartments,apartment houses,
1478,"3511,3512",Burnham and Root,USA,Chicago,1884-1892,1884,1892,8,"Monadnock Building (Chicago, Ill.)",commercial buildings; skyscrapers,
1479,3513,Burnham and  Root,USA,Chicago,1889-1895,1889,1895,6,"Reliance Building (Chicago, Ill.)",commercial buildings; skyscrapers,
1480,3514,"Wright, Frank Lloyd, 1867-1959",USA,Chicago,1906-1909,1906,1909,3,"Robie House (Chicago, Ill.)",houses,
1481,3515,"Skidmore, Owings, & Merrill",USA,Chicago,1970-1974,1970,1974,4,"Sears Tower (Chicago, Ill.)",office buildings; corporate headquarters,
1483,3517,"Wright, Frank Lloyd, 1867-1959",USA,Oak Park,1904-1906,1904,1906,2,"Unity Temple (Oak Park, Ill.)",churches,
1485,"3519,3520,3521,3522","Latrobe, Benjamin Henry,",USA,Baltimore,1804-1821,1804,1821,17,Baltimore cathedral,cathedrals,
1486,"3523,3525,3526,3527,3528,3529,3532,3533,3535,3536,3537","Belluschi, Pietro,  1899-",USA,Baltimore,1954-1958,1954,1958,4,Church of the Redeemer,churches,
1487,3524,"Belluschi, Pietro,  1899-",USA,Baltimore,1954-1959,1954,1959,5,Church of the Redeemer,churches,
1489,3538,"Pietro Belluschi, 1899-1994",USA,Baltimore,1970-1975,1970,1975,5,International Business Machines Corporation,office buildings,
1490,"3539,3540,3542,3543","Pietro Belluschi, 1899-1994 ;  with Jung/Brannen",USA,Baltimore,1972-1982,1972,1982,10,Meyerhoff Symphony Hall,concert halls,
1492,3544,"Kallmann, McKinnel & Knowles",USA,Boston,1962-1968,1962,1968,6,Boston City Hall,city halls,
1493,3545,"Kallmann, McKinnel & Knowles",USA,Boston,1962-1969,1962,1969,7,Boston City Hall,city halls,
1496,3548,"Kallmann, McKinnel & Knowles",USA,Boston,1962-1972,1962,1972,10,Boston City Hall,city halls,
1498,3550,"Kallmann, McKinnel & Knowles",USA,Boston,1962-1974,1962,1974,12,Boston City Hall,city halls,
1499,3551,"Kallmann, McKinnel & Knowles",USA,Boston,1962-1975,1962,1975,13,Boston City Hall,city halls,
1500,3552,"Kallmann, McKinnel & Knowles",USA,Boston,1962-1976,1962,1976,14,Boston City Hall,city halls,
1504,3561,"Pietro Belluschi, 1899-1994",USA,Boston,1955-1957,1955,1957,2,First Lutheran Church,churches,modern
1505,"3562,3563,3564","Pei, I.M., 1917-",USA,Boston,1967-1976,1967,1976,9,Hancock Building,commercial buildings; skyscrapers,
1507,"3570,3571","Pietro Belluschi, 1899-",USA,Boston,1967-1971,1967,1971,4,Keystone Building,office buildings,
1508,"3572,3573,3574","McKim, Mead & White",USA,Boston,1887-1898,1887,1898,11,Boston Public Library.,libraries (buildings),
1509,"3575,3576,3577","Richardson, H. H. (Henry Hobson), 1838-1886.",USA,Boston,1872-1877,1872,1877,5,"Trinity Church (Boston, Mass.)",churches,
1510,"3578,3579,3580","Sullivan, Louis H.,  1856-1924",USA,St. Louis,1890-1891,1890,1891,1,Wainwright Building,commercial buildings; tall office buildings,
1526,3596,"Walter, Thomas Ustick",USA,Washington D.C.,1851-1855,1851,1855,4,"United States Capitol (Washington, D.C.)",public buildings,
1528,3598,"Kahn, Louis I., 1901-1974",USA,Exeter,1965-1972,1965,1972,7,Exeter dining hall,colleges; dining halls; campuses,
1529,"3599,3600,3601,3602,3603,3604,3605,3606,3607,3608,3609,3610","Kahn, Louis I., 1901-1974",USA,Exeter,1967-1972,1967,1972,5,Davis Library (Phillips Exeter Academy),libraries (buildings),
1530,"3611,3612,3613","Kahn, Louis I., 1901-1974",USA,Exeter,1965-1972,1965,1972,7,Davis Library (Phillips Exeter Academy),libraries (buildings),
1535,"3628,3629","Johnson, Philip, 1906-",USA,New York City,1978-1984,1978,1984,6,AT&T Building,commercial buildings; tall office buildings,postmodern
1536,"3630,3631",Sloane Robertson,USA,New York City,1927-1930,1927,1930,3,Chanin Building,commercial buildings; tall office buildings,
1537,"3632,3633","Van Alen, William, 1883-1954",USA,New York City,1926-1930,1926,1930,4,Chrysler Building,commercial buildings; tall office buildings,
1538,3634,Emery Roth & Sons,USA,New York City,1954-1956,1954,1956,2,Colgate-Palmolive Building,commercial buildings; tall office buildings,
1539,3635,"Shreve, Lamb & Harmon",USA,New York City,1929-1931,1929,1931,2,Empire State Building.,commercial buildings; tall office buildings,
1540,3636,"Skidmore, Owings & Merrill",USA,New York City,1951-1952,1951,1952,1,Lever House,commercial buildings; tall office buildings,
1541,3637,"Harrison, Wallace K. (Wallace Kirkman), 1895-",USA,New York City,1962-1966,1962,1966,4,"Metropolitan Opera (New York, N.Y.)",performing arts centers; concert halls; cultural centers,
1542,3638,"Harrison, Wallace K. (Wallace Kirkman), 1895-;Pietro Belluschi, 1899-;  Philip Johnson, 1906-; and others",USA,New York City,1962-1968,1962,1968,6,Lincoln Center for the Performing Arts,cultural centers; performing arts centers,
1543,"3639,3640,3641","Pietro Belluschi, 1899-1994",USA,New York City,1963-1969,1963,1969,6,Juilliard School,cultural centers; schools; performing arts centers,
1544,"3642,3643","Skidmore, Owings & Merrill",USA,New York City,1953-1954,1953,1954,1,Manufacturers Hanover Trust,commercial buildings; tall office buildings,
1548,"3649,3651,5120,5229","Gropius, Walter, 1883-1969; Pietro Belluschi, 1899-1994",USA,New York City,1958-1963,1958,1963,5,Pan Am Building,office buildings,modern
1549,"3650,5407,5417","Gropius, Walter, 1883-1969; Pietro Belluschi, 1899-1994",USA,New York City,1958-1963,1958,1963,5,Pan Am Building (Met Life),office buildings; commercial buildings; tall office buildings,modern
1551,3653,"Reinhard & Hofmeister; Corbett & Hood; Hood, Raymond Mathewson, 1881-1934",USA,New York City,1927-1935,1927,1935,8,RCA Building,commercial buildings; office buildings; skyscrapers,
1552,"3654,3655,3656,5231,5278",Reinhard & Hofmeister; Corbett & Hood,USA,New York City,1927-1935,1927,1935,8,Rockefeller Center,office buildings; plazas; tall office buildings; commercial buildings,
1553,"3657,3658","Mies van der Rohe, Ludwig, 1886-1969",USA,New York City,1954-1958,1954,1958,4,Seagram Building,office buildings,modern
1554,"3659,3660","Harrison, Wallace K. (Wallace Kirkman), 1895-; et al",USA,New York City,1947-1953,1947,1953,6,United Nations Building,office buildings,modern
1556,"3662,3663","Yamasaki, Minoru, 1912-",USA,New York City,1962-1976,1962,1976,14,"World Trade Center (New York, N.Y.)",office buildings,modern
1557,"3664,3665,3666,3667,3668,3669,5277","Eisenman, Peter, 1932-",USA,Columbus,1982-1989,1982,1989,7,Wexner Center for the Visual Arts,museums,
1562,3677,"Pietro Belluschi, 1899-1994",USA,Eugene,1945-1955,1945,1955,10,Central Lutheran Church,churches,
1563,3678,"Pietro Belluschi, 1899-1994",USA,Eugene,1945-1955,1945,1955,10,Central Lutheran Church (plan),churches; plans; site plans,
1566,"3688,3690,3691,3692,3693,3694,3695,3696,3697,3698","Pietro Belluschi, 1899-1994",USA,Portland,1944-1948,1944,1948,4,Burkes House,houses,modern regionlism
1567,3689,"Pietro Belluschi, 1899-1994",USA,Portland,1944-1948,1944,1948,4,Burkes House (site plan),houses; plans; site plans,
1568,"3699,3700,3702,3703,3704","Pietro Belluschi, 1899-1994",USA,Portland,1948-1950,1948,1950,2,Central Lutheran Church,churches,
1569,3701,"Pietro Belluschi, 1899-1994",USA,Portland,1948-1950,1948,1950,2,Central Lutheran Church (plan),churches; site plans,
1570,"3705,3706,3707,3708,3709","Pietro Belluschi, 1899-1994",USA,Portland,1943-1948,1943,1948,5,Equitable Building,commercial buildings; tall office buildings,
1572,3711,"Pietro Belluschi, 1899-1994",USA,Portland,1945-1948,1945,1948,3,Equitable Building,office buildings,modern
1575,"3721,3722,3723,3724,3725,3726,3727,3728,3729,3730,3731,3732,3733,5234,5276","Graves, Michael, 1934-",USA,Portland,1980-1982,1980,1982,2,Portland Building,civic centers; public buildings,postmodern
1577,3735,"Pietro Belluschi, 1899-1994",USA,Portland,1929-1930,1929,1930,1,"Reed College (Portland, Or.)",colleges; libraries (buildings),
1578,3736,"Pietro Belluschi, 1899-1994",USA,Portland,1939-1940,1939,1940,1,Saint Thomas More church (section),churches; sections,
1579,"3737,3739,3740,3741,3742,3743","Pietro Belluschi, 1899-1994",USA,Portland,1939-1940,1939,1940,1,Saint Thomas More church,churches,
1580,3738,"Pietro Belluschi, 1899-1994",USA,Portland,1939-1940,1939,1940,1,Saint Thomas More church (plan),churches; plans,
1581,"3744,3745,3746,5203","Pietro Belluschi, 1899-1994",USA,Portland,1946-1952,1946,1952,6,St. Philip Neri,churches,
1582,"3747,3748,3749,5235,5275","Pietro Belluschi, 1899-1994",USA,Portland,1937-1938,1937,1938,1,Sutor House,houses,
1583,3750,"Pietro Belluschi, 1899-1994",USA,Portland,1948-1950,1948,1950,2,Zion Lutheran church (plan),churches; plans,
1584,"3751,3752,3753,3755","Pietro Belluschi, 1899-1994",USA,Portland,1948-1950,1948,1950,2,Zion Lutheran Church,churches; portals,modern regionalism
1585,"3754,5236","Pietro Belluschi, 1899-1994",USA,Portland,1948-1950,1948,1950,2,Zion Lutheran church,churches,modern regionalism
1586,"3756,3757,3758,3759,3760,5292","Belluschi, Pietro,  1899-",USA,Silverton,1975-1979,1975,1979,4,Immanuel Lutheran Church,churches,
1587,"3761,3762,3763","Wright, Frank Lloyd, 1867-1959",USA,Bear Run,1936-1937,1936,1937,1,Falling Water (Pa.),houses,
1589,"3765,3766,3767","Howe and Lescaze [Howe, George, 1886-1955 and Lescaze, William,  1896-1969]",USA,Philadelphia,1929-1932,1929,1932,3,PSFS (Philadelphia Savings Fund Society) Building,commercial buildings; tall office buildings,
1590,"3768,3769,3770,3771","Pietro Belluschi, 1899-",USA,Philadelphia,1962-1964,1962,1964,2,Rohm and Haas Building,,
1591,"3772,3773","Pei, I. M., 1917-",USA,Philadelphia,1965-1976,1965,1976,11,Society Hill Towers,apartments,modern
1592,"3774,3775,3776,3777","Meier, Richard",USA,Pittsburgh,1979-1985,1979,1985,6,Giovannitti House,houses,
1594,"3784,3785,3786","Pietro Belluschi, 1899-",USA,Portsmouth,1957-1961,1957,1961,4,Portsmouth Abbey Church,,
1595,"3787,3788,3789,3790,3791,3792","Pietro Belluschi, 1899-",USA,Bennington,1957-1959,1957,1959,2,Bennington College Library,libraries,
1607,3830,,USA,Seattle,1915-1929,1915,1929,14,Seattle bungalow,houses; bungalows; vernacular architecture,
1608,3831,,USA,Seattle,1915-1920,1915,1920,5,Seattle bungalow,houses; bungalows; vernacular architecture,
1618,3852,"Terry, Roland & Associates",USA,Seattle,1971-1974,1971,1974,3,Nordstrom,department stores,
1619,"3853,3854,3855,3856,3857,3858,3859,3860,3861","Graham, John",USA,Seattle,1947-1950,1947,1950,3,Northgate Shopping Center,shopping centers; shopping malls,
1621,"3868,3879","Holl, Steven",USA,Seattle,1994-1997,1994,1997,3,Saint Ignatius Chapel (sketch),chapels; universities; sketches; preliminary sketches,
1622,"3869,3870,3871,3872,3873,3874,3875,3876,3877,3878,3880,3881,3882,3883,3884,3885,3886,3887,3888,3889,3891,3901","Holl, Steven",USA,Seattle,1994-1997,1994,1997,3,Saint Ignatius Chapel,chapels; construction,
1623,"3890,3896,3897,3898,3899,3900","Holl, Steven",USA,Seattle,1994-1997,1994,1997,3,Saint Ignatius Chapel (model),chapels; universities; models (representations),
1624,3892,"Holl, Steven",USA,Seattle,1994-1997,1994,1997,3,Saint Ignatius Chapel (site plan),chapels; universities; site plans,
1625,3893,"Holl, Steven",USA,Seattle,1994-1997,1994,1997,3,Saint Ignatius Chapel (plan),chapels; universities,
1626,3894,"Holl, Steven",USA,Seattle,1994-1997,1994,1997,3,Saint Ignatius Chapel (elevation),chapels; universities; elevations (drawings),
1627,3895,"Holl, Steven",USA,Seattle,1994-1997,1994,1997,3,Saint Ignatius Chapel (section),chapels; sections; walls,
1646,"4007,4008,4009,4010,4012","Pei, I.M., 1917-",USA,Washington D.C.,1968-1978,1968,1978,10,National Gallery of Art (U.S.),museums,
1647,4011,"Pei, I.M., 1917-",USA,Washington ( D.C.),1968-1978,1968,1978,10,National Gallery of Art (U.S.),museums,
1648,"4013,4016","Wright, Frank Lloyd, 1867-1959",USA,Racine,1936-1939,1936,1939,3,Johnson Wax Research Tower,research laboratories,
1649,"4014,4015,4017,4018,4019,4020,4021","Wright, Frank Lloyd, 1867-1959",USA,Racine,1936-1939,1936,1939,3,Johnson Wax Administration Building,office buildings,
1655,"4030,4031",,Uzbekistan,Bukhoro,1380-1389,1380,1389,9,Chashma Ayub Mausoleum,mausoleums,
1657,4033,,Uzbekistan,Bukhoro,1530-1539,1530,1539,9,Kalian minaret and Mir-I Arab Medrese,minarets; schools,
1658,4034,,Uzbekistan,Bukhoro,1100-1199,1100,1199,99,Magok-i Attari Mosque,mosques; facades,
1659,4035,,Uzbekistan,Bukhoro,1530-1539,1530,1539,9,Mir-I Arab Medrese,courtyards; schools,
1661,"4037,4038",,Uzbekistan,Bukhoro,800-999,800,999,199,Samanid Mausoleum,mausoleums,
1662,4039,,Uzbekistan,Khiva,1802-1812,1802,1812,10,Ak-mechet,mosques; schools,
1663,"4040,4041",,Uzbekistan,Khiva,1838-1842,1838,1842,4,Ak-mechet,mosques,
1668,4056,,Uzbekistan,Khiva,1788-1789,1788,1789,1,Kalta Minar,streets; minarets,
1673,"4082,4083,4084",,Uzbekistan,Khiva,1300-1399,1300,1399,99,Mausoleum of Said Alauddin,mausoleums,
1675,4086,,Uzbekistan,Khiva,1804-1812,1804,1812,8,Medrese of Allah Kuli Khan,schools; walls,
1678,"4090,4091",,Uzbekistan,Khiva,1804-1812,1804,1812,8,Medrese of Kutlug Murad-Inak,schools,
1679,"4092,4093,4094",,Uzbekistan,Khiva,1851-1852,1851,1852,1,Medrese of Muhammad Amin Khan,schools; anterooms; entrances,
1680,4095,,Uzbekistan,Khiva,1851-1852,1851,1852,1,Medrese of Muhammad Amin Khan and Kaltaminar,schools,
1688,"4110,4111,4112,4113,4114,4115,4116,4117,4118,4119,4120,4121",,Uzbekistan,Khiva,1830-1832,1830,1832,2,Tash Hauli (the khan's palace),palaces; courtyards; harems,
1689,4122,,Uzbekistan,Khiva,1830-1832,1830,1832,2,Tash-Hauli (khan's palace),palaces; walls,
1693,4142,,Uzbekistan,Samarqand,1800-1899,1800,1899,99,Hazret-Hyzr Mosque,mosques,
1694,"4143,4144,4145,4146,4147,4148,4149,4150,4151,4152,4153,4154,4155,4156,4298,4299,4300",,Uzbekistan,Samarqand,1619-1636,1619,1636,17,Madrese of Shir Dor,schools,
1695,"4157,4158,4159,4160,4161",,Uzbekistan,Samarqand,1417-1420,1417,1420,3,Madrese of Ulugh Beg,schools,
1696,"4162,4163,4164,4165,4166,4167,4168,4169",,Uzbekistan,Samarqand,1647-1660,1647,1660,13,Madrese Tillia Kari,facades; schools,
1697,4170,,Uzbekistan,Samarqand,1400-1660,1400,1660,260,madreses of Registan,schools,
1698,4171,,Uzbekistan,Samarqand,1400-1660,1400,1660,260,Madreses of Registan,schools,
1699,"4172,4267",,Uzbekistan,Samarqand,1000-1199,1000,1199,199,Shah-i Zinda,mausoleums; shrines,
1700,"4173,4174,4175,4176,4177,4178,4179,4180,4181,4182,4183,4184,4185,4186,4187,4188,4189",,Uzbekistan,Samarqand,1399-1404,1399,1404,5,Mosque of Bibi Hanim,mosques,
1701,"4190,4191",,Uzbekistan,Samarqand,1428-1429,1428,1429,1,Observatory of Ulugh Beg,observatories; ruins,
1703,4193,,Uzbekistan,Samarqand,1380-1389,1380,1389,9,Rukhabad mausoleum,mausoleums,
1705,4195,,Uzbekistan,Samarqand,1970-1979,1970,1979,9,Samarqand building,buildings,
1710,4208,,Uzbekistan,Samarqand,1434-1435,1434,1435,1,Shah-i Zinda,necropolises; entrances,
1713,4241,,Uzbekistan,Samarqand,1300-1399,1300,1399,99,Shah-i Zinda,necropolises; mausoleums; portals,
1715,4249,,Uzbekistan,Samarqand,1360-1369,1360,1369,9,Shah-i Zinda,necropolises; mausoleums,
1716,"4256,4257,4258,4259,4260,4261",,Uzbekistan,Samarqand,1360-1361,1360,1361,1,Shah-i Zinda,necropolises; mausoleums,
1717,4270,,Uzbekistan,Samarqand,1400-1499,1400,1499,99,Shah-i Zinda,necropolises; mosques; shrines,
1721,"4303,4304",,Uzbekistan,Shahr-I Siabs,1380-1404,1380,1404,24,Ak Sarai,portals,
1724,4307,,Uzbekistan,Shahr-I Siabs,1379-1404,1379,1404,25,Mausoleum of Jehangir,mausoleums,
1732,4320,,Uzbekistan,Tashkent,1500-1599,1500,1599,99,Kukeldash Medrese,schools,
1735,4330,,Uzbekistan,Tashkent,1400-1499,1400,1499,99,Mausoleum of Kaldyrgach Bey,mausoleums,
1736,4331,,Uzbekistan,Tashkent,1700-1899,1700,1899,199,Mausoleum of Sheikhantaur,mausoleums,
1737,4332,,Uzbekistan,Tashkent,1400-1499,1400,1499,99,Mausoleum of Yunus Khan,mausoleums,
1741,4336,"Arslankulov, Usta T.",Uzbekistan,Tashkent,1800-1899,1800,1899,99,Museum of Applied Arts,museums,
1742,"4337,4338","Benois, A.L.;  Geintselman, V.S.",Uzbekistan,Tashkent,1889-1890,1889,1890,1,Palace of Grand Prince Nikolai Konstantinovich,palaces,
1746,"4342,4343,4344",,Yugoslavia,Banjska,1300-1399,1300,1399,99,Banjska church,churches,
1752,"4354,4355,4356",,Yugoslavia,Brzenik,1300-1399,1300,1399,99,Novaia Pavlovica church,churches,
1753,"4357,4358,4359",,Yugoslavia,Brzenik,1370-1399,1370,1399,29,Staraia Pavlovica church,churches,
1754,"4360,4361,4362,4363,4364,4365,4366,4367,4368,4369,4370,4371,4372,4373,4374,4375,4376,4377,4378,4379,4380,4381,4382,4383,4384",Fra Vita from Kotor,Serbia,Decani,1327-1335,1327,1335,8,Decani (Monastery),monasteries; churches,
1755,4385,Fra Vita from Kotor,Serbia,Decani,1327-1335,1327,1335,8,Monastery Church of the Ascension,monasteries; churches,
1756,"4386,4387,4388,4389,4390,4391,4392,4393",,Serbia,Gracanica,1313-1321,1313,1321,8,"Gracanica (Church : Kosovo, Serbia)",churches; monasteries,
1759,"4398,4399,4400,4401,4402,4403,4404,4405,4406,4407,4408",,Serbia,Kalenic,1407-1410,1407,1410,3,Kalenic (Monastery : Serbia),churches; monasteries,
1770,"4433,4434,4435",,Serbia,Pec,1230-1269,1230,1269,39,Church of the Holy Apostles,churches; entrances; narthexes,
1771,4436,,Serbia,Pec,1830-1869,1830,1869,39,Patriarchate,ruins; guesthouses,
1781,"4450,4451,4452,4453,4454,4455",,Serbia,Prizren,1300-1399,1300,1399,99,Church of the Savior,churches,
1788,"4465,4466",,Serbia,Ravanica,1375-1384,1375,1384,9,Ravanica (Monastery : Serbia),churches; monasteries,
1789,4467,,Serbia,Ravanica,1375-1385,1375,1385,10,Ravanica (Monastery : Serbia),churches; monasteries,
1790,4468,,Serbia,Ravanica,1375-1386,1375,1386,11,Ravanica (Monastery : Serbia),churches; monasteries,
1791,4469,,Serbia,Ravanica,1375-1387,1375,1387,12,Ravanica (Monastery : Serbia),churches; reliefs; narthexes; monasteries,
1792,4470,,Serbia,Ravanica,1375-1388,1375,1388,13,Ravanica (Monastery : Serbia),churches; monasteries; windows,
1793,"4471,4472,4473",,Serbia,Novi Pazar,1230-1269,1230,1269,39,"Sopocani (Monastery : Novi Pazar, Serbia)",churches; monasteries; exonarthexes,
1795,"4477,4478,4479,4480,4481,4482,4483,4484",,Serbia,Studenica,1183-1209,1183,1209,26,Studenica (Monastery),churches; portals,
1797,"4489,4490","Jovanovic, Kosta",Serbia,Topola,1910-1912,1910,1912,2,"Hram svetog Dorda (Topola, Topola, Serbia)",churches,
1799,"4492,4493,4494,4495,4496,4497,4498,4499,4500,4501,4502,4503,4504,4505",,Yugoslavia,Zica,1200-1229,1200,1229,29,Zica (Monastery),monasteries; churches; facades,
1802,"4509,4521,4567","Darby, A.",England,Coalbrookdale,1777-1779,1777,1779,2,"Iron Bridge (Coalbrookdale, England)",bridges,
1804,4512,"Le Corbusier, 1887-1965",France,Ronchamp,1950-1955,1950,1955,5,"Notre-Dame-du-Champ (Chapel : Ronchamp, France)",chapels,
1805,"4513,4535,4536,4537,4538","Le Corbusier, 1887-1965",France,Ronchamp,1950-1955,1950,1955,5,"Notre-Dame-du-Haut (Chapel : Ronchamp, France)",chapels,
1811,4520,"Mengoni, Giuseppe",Italy,Milan,1865-1867,1865,1867,2,Galleria Vittorio Emmanuelle II,,
1815,4532,"Barry, Charles",England,London,1840-1865,1840,1865,25,"Westminster Palace (London, England)",parliament buildings,
1846,4601,,Morocco,Casablanca,1930-1939,1930,1939,9,Casablanca building,buildings,Art Deco
1852,"4613,4614",,Morocco,Rabat,1600-1699,1600,1699,99,Moroccan palace,palaces; arches; doors,
1865,"4631,4632",,Greece,Athens,100-199,100,199,99,Theater of Dionysos,theaters; open-air theaters; bemas,
1875,"4661,4662",,Morocco,Meknes,1600-1699,1600,1699,99,Heri es-Souani (horse stables),stables,
1877,4664,,Morocco,Meknes,1300-1399,1300,1399,99,Great Mosque minaret,mosques; minarets,
1881,4669,,Morocco,Fes,1330-1369,1330,1369,39,Medersa Bou Inania,parochial schools,
1883,4671,,Morocco,Marrakech,1570-1599,1570,1599,29,Palais el-Badi,ruins; palaces,
1884,4672,,Morocco,Marrakech,1870-1899,1870,1899,29,Palais de la Bahia,courtyards; harems,
1888,"4678,4679",,Morocco,Taroudant,1500-1599,1500,1599,99,Taroudant,ruins; ramparts; cities,
1902,"4704,4712,4713","Machuca, Pedro,",Spain,Granada,1527-1568,1527,1568,41,Palace of Charles V,palaces; courtyards,
1908,4715,"Velasquez Bosco, Ricardo",Spain,Madrid,1890-1899,1890,1899,9,Spanish Ministry of Agriculture Building,public buildings,
1909,"4716,4717","Pascual y Colomev, Narciso",Spain,Madrid,1842-1850,1842,1850,8,Congreso de los Diputados,parliament buildings; public buildings,
1927,"4774,4775,4776","Aulenti, Gae",France,Paris,1980-1987,1980,1987,7,Musee d'Orsay,museums ; adaptive reuse,
1929,4778,"Sullivan, Louis H., 1856-1924",USA,Chicago,1899-1904,1899,1904,5,Carson Pirie Scott,department stores,
1930,"4779,4780,4781,4782","Rodia, Simon, 1879-1965",USA,Los Angeles,1921-1955,1921,1955,34,"Simon Rodia's Towers (Los Angeles, Calif.)",monuments,
1936,"4799,4800",Ernst Eberhard Ihne.,Germany,Berlin,1897-1901,1897,1901,4,Neuer Marstall,,
1937,4804,"Langhans, Carl Gotthard,",Germany,Berlin,1789-1791,1789,1791,2,Brandenburger Tor (Brandenburg Gate),city gates,
1938,4806,Callison Associates,USA,Seattle,1970-1979,1970,1979,9,Northgate Shopping Center,shopping centers; department stores; shopping malls,
1940,"4808,4809,4810","Gehry, Frank O., 1929-; Oldenburg, Claes, 1929-",USA,Los Angeles,1985-1991,1985,1991,6,Chiat/Day/Mojo Advertising Agency,commercial buildings,
1951,4863,A.E. Doyle & Associates,USA,Portland,1925-1926,1925,1926,1,Pacific Building,Office building,
1953,"4868,4869,4870,4871,4872","Pietro Belluschi, 1899-1994",USA,Portland,1962-1964,1962,1964,2,Equitable Center,office buildings,
1955,4875,Pietro Belluschi,USA,Portland,1946-1947,1946,1947,1,Pacific Telephone Company Building,Corporate headquarters,Modern; Early International
1956,4876,"Pietro Belluschi, 1899-1994",USA,Portland,1947-1948,1947,1948,1,Federal Reserve Bank of Portland,Bank; Corporate headquarters,Modern; Early International
1958,"4878,4879","Pietro Belluschi, 1899-1994",USA,Portland,1946-1948,1946,1948,2,Equitable Building,office buildings; tall office buildings,modern
1959,4880,"Pietro Belluschi, 1899-1994",USA,Portland,1945-1948,1945,1948,3,Oregonian Building,,modern
1960,4881,"Pietro Belluschi, 1899-1994",USA,Portland,1945-1948,1945,1948,3,Oregonian building,,modern
1971,4904,,USA,Seattle,1960-1969,1960,1969,9,Seattle Monorail,monorails,
2005,4980,"Oetero, R.; Govantes y Cabarrocas; Arrarte, J.; Rayneri Piedra, E.; and others",Cuba,Havana,1925-1929,1925,1929,4,"Capitolio (Havana, Cuba); Academia de Ciencias de Cuba",libraries (buildings),
2011,"4996,4999","Lapidus, Morris",USA,Miami Beach,1952-1954,1952,1954,2,Fontainebleu Hotel,hotels (public accomodations),
2017,5010,,Cuba,Havana,1748-1777,1748,1777,29,Catedral de La Habana,cathedrals,
2029,5078,"Le Corbusier, 1887-1965",France,Eveux-sur-l'Arbresle,1953-1957,1953,1957,4,Tourette Monastery,monasteries,
2057,"5157,5158,5159,5160",,Israel,Bethlehem,500-599,500,599,99,Church of the Nativity (Bethlehem),churches,
2063,5166,,Israel,Mount Tabor,1921-1923,1921,1923,2,Church of the Transfiguration,churches,
2077,"5202,5281",A.E. Doyle & Associates,USA,Portland,1920-1929,1920,1929,9,"Reed College (Portland, Or.)",colleges,
2082,"5216,5217,5218,5219,5220,5221","Johnson, Philip",USA,New Haven,1962-1966,1962,1966,4,Kline Biology Tower,universities,
2083,5222,"Sullivan, Louis H., 1856-1924",USA,Chicago,1891-1904,1891,1904,13,Carson Pirie Scott Department Store,department stores; plans (drawings),
2092,5245,"Venturi, Robert",USA,Chestnut Hill,1960-1962,1960,1962,2,Venturi House,houses,postmodern
2100,"5262,5263,5264","Kahn, Louis I.,  1901-1974",USA,Hatboro,1960-1967,1960,1967,7,Fisher House,houses,
2101,"5265,5266,5267,5268,5269,5280","Venturi, Robert",USA,Philadelphia,1960-1965,1960,1965,5,Guild House,housing; apartments,
2105,5273,"Kahn, Louis I., 1901-1974",USA,Philadelphia,1957-1961,1957,1961,4,Richards Medical Research Building,universities; research buildings,
2106,5274,"Howe, George; Lescaze, William,  1896-1969",USA,Philadelphia,1929-1932,1929,1932,3,Philadelphia Saving Fund Society,commercial buildings; tall office buildings,
2107,5279,"Kahn, Louis I., 1901-1974",USA,New Haven,1951-1953,1951,1953,2,Yale University.  Art Gallery,museums,
2108,5282,"Pietro Belluschi, 1899-1994",USA,Portland,1948-1950,1948,1950,2,Zion Lutheran Church (elevation),churches; elevations (drawings); drawings,
2109,"5283,5285","Sullivan, Louis H., 1856-1924",USA,Chicago,1896-1904,1896,1904,8,Carson Pirie Scott.,department stores,
2110,5287,,Russia,Moscow,1524 - 1525,1524,1525,1,Moskovskii novodevichiæi monastyr,cathedrals; convents,
2113,"5293,5294","Pietro Belluschi, 1899-1994",USA,Swampscot,1953-1956,1953,1956,3,Temple Israel,synagogues,
2120,"5304,5334",na,China,Kashi,1980-1989,1980,1989,9,mausoleum,Mausoleum,Islamic
2162,"5396,5397,5398,5399,5400,5401,5402,5403,5404,5406,5408,5409,5410,5411,5412,5413,5414,5415,5416,5419,5420,5421,5422,5423,5424,5425,5426,5427,5428,5429,5430,5431,5432,5434",Walter Gropious & Pietro Belluschi,USA,New York City,1958-1963,1958,1963,5,tall office building; skyscraper,tall office building; skyscraper,
2163,5405,Walter Gropious & Pietro Belluschi,USA,New York City,1958-1963,1958,1963,5,Pam Am Building (Met Life),tall office building; skyscraper,modern
2164,"5418,5433",Pietro Belluschi,USA,Portland,1943-1948,1943,1948,5,tall office building; skyscraper,commercial building; tall office building; skyscraper,
2165,"5435,5436,5437,5438,5439,5440,5441,5442,5443,5444,5445,5446,5447,5448,5449,5450,5451,5452,5453,5454,5455,5456,5457,5458,5459,5460,5461,5462,5463,5464,5465,5466,5467,5468,5469,5470",John Yeon,USA,Portland,1936-1937,1936,1937,1,house,house,
2183,"5499,5500,5502,5506,5510,5514,5516,5517,5520,5521,5523",,USA,Federal Way,1984-1999,1984,1999,15,Thai Buddhist temple,Thai Buddhist temple,
2186,"5505,5507",Frank O. Gehry,USA,Seattle,1998-2000,1998,2000,2,Experience Music Project,"concert hall, museum",
2187,5512,Frank O. Gehry,USA,Seattle,1996-2000,1996,2000,4,"Experience Music Project, Concert Hall","concert hall, museum",
2188,5519,,USA,Seattle,1984-1999,1984,1999,15,Thai Buddhist temple,Thai Buddhist temple,
2189,"5531,5533,5534,5535,5537,5538,5542,5544,5545",Pietro Belluschi,USA,Yamhill,1946-1948,1946,1948,2,house,house,
2190,"5532,5536,5539,5540,5541,5543,5546",Pietro Belluschi,USA,Tillamook,1941-1946,1941,1946,5,house,house,
2195,5551,"Gropius, Walter, 1883-1969; Belluschi, Pietro, 1899",USA,New York City,1958-1963,1958,1963,5,commercial building; tall office building,commercial building; tall office building,
2253,5688,,South Africa,Cape Town,1666-1679,1666,1679,13,Castle of Good Hope,,
2254,5690,I. Fomin,Russia,Moscow,1929-1934,1929,1934,5,Government Administrative Office,Govenment Administrative Office,
2257,5693,I. Zholtovskii,Russia,Moscow,1933-1934,1933,1934,1,"Apartment Building, Government Administrative Office","Apartment Building, Government Administrative Office",
2258,5694,"A. Dushkin, B. Mezentsev",Russia,Moscow,1948-1953,1948,1953,5,"Government Administrative Offices, Apartments","Government Administrative Offices, Apartments",
2259,5695,R. Klein,Russia,Moscow,1908-1910,1908,1910,2,Commercial,commercial,
2260,"5696,5708","L. Rudnev, S. Chernyshev, P. Abrosimov, A Khriakov",Russia,Moscow,1949-1955,1949,1955,6,University,University,
2261,"5697,5702,5709,5724",K. Melnikov,Russia,Moscow,1927-1929,1927,1929,2,Worker's Club,Worker's Club,
2263,5699,S. Zalesskii,Russia,Moscow,1911-1913,1911,1913,2,Commercial,commercial,
2265,"5701,5716",D. Kogan,Russia,Moscow,1923-1924,1923,1924,1,Government Administrative Office,Government Administrative Office,
2266,5703,"Le Corbusier, P. Jenneret, N. Kolli",Russia,Moscow,1928-1935,1928,1935,7,Government Administrative Office,Govenment Administrative Office,
2267,5704,G. Barkhin,Russia,Moscow,1925-1927,1925,1927,2,Newspaper Office,Newspaper Office,
2268,"5705,5718","B. Iofan, D. Iofan",Russia,Moscow,1928-1931,1928,1931,3,"Commercial, Theater, and Apartment Complex","Commercial, Theater, and Apartment Complex",
2269,5706,"A. Shchusev, L. Savelev, O. Stapran",Russia,Moscow,1932-1938,1932,1938,6,Hotel,Hotel,
2270,5707,K. Alabian,Russia,Moscow,1934-1940,1934,1940,6,Theater,Theater,
2272,5711,A. Erikhson,Russia,Moscow,1905-1907,1905,1907,2,Business,Business,
2274,5713,"V. Shchuko, V. Gelfreikh",Russia,Moscow,1928-1941,1928,1941,13,Library,Library,
2275,5714,I. Fomin,Russia,Moscow,1928-1929,1928,1929,1,Administrative Office,Administrative Office,
2276,5715,"Le Corbusier, P. Jenneret, N. Kolli",Russia,Moscow,1928-1935,1928,1935,7,Government Administrative OfficeGovernment Government Govenment Administrative Office,Govenment Administrative Office,
2277,5717,P. Golosov,Russia,Moscow,1930-1935,1930,1935,5,Newspaper Office,Newspaper Office,
2279,5720,A. Shchusev,Russia,Moscow,1924-1930,1924,1930,6,Mausoleum,Mausoleum,
2280,5721,"A. Mordvinov, V. Oltarzhevskii",Russia,Moscow,1950-1955,1950,1955,5,Hotel,Hotel,
2282,5723,"I. Rerberg, V. Oltarzhevskii",Russia,Moscow,1912-1917,1912,1917,5,Railroad Station,Railroad Station,
2283,5725,A. Shchusev,Russia,Moscow,1928-1933,1928,1933,5,Government Administrative Office,Govenment Administrative Office,
2284,5726,O. Gofmen,Russia,Moscow,1929-1933,1929,1933,4,Medical Clinic,Medical Clinic,
2285,5727,V. Shervud,Russia,Moscow,1874-1883,1874,1883,9,Museum,museum,
2287,5729,V. Vasnetsov,Russia,Moscow,1901-1905,1901,1905,4,Art Museum,Art Museum,
2288,5730,K. Melnikov,Russia,Moscow,1927-1929,1927,1929,2,Private Residence,Private Residence,
2289,5731,A. Langman,Russia,Moscow,1932-1936,1932,1936,4,Government Administrative Office,Government Administrative Office,
2291,5734,A. Pomerantsev,Russia,Moscow,1889-1893,1889,1893,4,Upper Trading Rows (GUM),commercial,
2292,5735,A. Shchusev,Russia,Moscow,1928-1933,1928,1933,5,Government Administrative OfficeGovernment Government Govenment Administrative Office,Govenment Administrative Office,
2335,"5834,5868",John Sinclair,Tanzania,Zanzibar,1914-1922,1914,1922,8,Peace Memorial Museum,Museum,
2376,5917,Georg Christian Unger,Germany,Berlin,1775-1780,1775,1780,5,Koenigliche Bibliothek,,
2439,"6000,6008,6009,6013,6023,6038,6039,6044,6063,6068,6070",G. D. Stroganov,Russia,Sol'vychegodsk,1688-1693,1688,1693,5,Cathedral of the Presentation (Vvdenskii sobor),Cathedral,
2440,"6001,6030,6084",,Russia,Solovki,1552-1557,1552,1557,5,Solvetskii Monastery,cathedral,
2442,6003,,Russia,Solovki,1552-1605,1552,1605,53,Solovetskii Monastery,,
2452,"6016,6045",,Russia,Sol'vychegodsk,1819-1826,1819,1826,7,Cathedral of the Annunciation,Cathedral,
2462,6029,,Russia,Kargopol',1740-1751,1740,1751,11,Church of St. John the Baptist,,
2477,6052,,Russia,Solovki,1582-1594,1582,1594,12,"Solovetskii Monastery, Nikol'skii Tower",,
2479,6054,,Russia,Solovki,1558-1566,1558,1566,8,Solovetskii Monastery,,
2481,6056,,Russia,Sol'vychegodsk,1819-1826,1819,1826,7,"Cathedral of the Annunciation, Bell Tower",Cathedral,
2485,6061,,Russia,Solovki,1552-1557,1552,1557,5,Solovetskii Monastery,cathedral,
2488,6065,,Russia,Kargopol',1552-1562,1552,1562,10,Cathedral of the Nativity of Christ,cathedral,
2509,"6096,6102,6109,6111,6112,6115,6124,6130,6132,6134,6137,6142,6143,6144",,USA,Federal Way,1991-1999,1991,1999,8,Buddhist temple,Buddhist temple,
2513,"6101,6103,6107,6117,6123,6138",Henry Klein,USA,Mt. Vernon,1975-1977,1975,1977,2,civic building,civic building,
2522,"6154,6155,6156,6158,6159,6161,6162,6164,6165",Cesar Pelli,USA,Los Angeles,1971-1975,1971,1975,4,Pacific Design Center,,
2529,"6194,6242",,Armenia,Zvartnots,641-661,641,661,20,Zvartnots,,
2547,"6212,6251,6283,6323",,Tatarstan,Kazan,1722-1726,1722,1726,4,Church of Sts. Peter and Paul,,
2562,"6232,6308",,Tatarstan,Kazan,1556-1562,1556,1562,6,Cathedral of the Annunciation,,
2566,6239,,Tatarstan,Kazan,1852-1859,1852,1859,7,Church of the Descent of the Holy Spirit and base of Siuiumbeke Tower.,,
2570,6248,,Russia,Rostov,1670-1680,1670,1680,10,Krasnaia Palata,,
2584,"6269,6315",A P. Zenkov,Kazakhstan,"Almaty (Alma-Ata, Vernyi)",1904-1907,1904,1907,3,Main Cathedral,,
2763,"6636,6638,6640,6642,6644,6646,6651",Otto Wagner,Austria,Vienna,1894-1898,1894,1898,4,Stadtbahn Court Pavillion,,
2764,"6643,6645,6649,6650,6652,6654,6656,6658,6660",Otto Wagner,Austria,Vienna,1893-1894,1893,1894,1,Anker Haus,,
2765,6647,"Ohmann, Hackhofer",Austria,Vienna,1903-1907,1903,1907,4,River Wien Buildings,,
2766,6648,Joseph Maria Olbrich,Austria,Vienna,1897-1898,1897,1898,1,Secession Building,,
2767,"6653,6655,6657,6659,6661,6663,6665",Theophil von Hansen,Austria,Vienna,1874-1884,1874,1884,10,Parliament,,
